global_index,batch,batch_index,image_path,label,angle_degrees,original_source,notes
1,batch_001,1,../bee_direction_labeled_batch001_003/images/batch_001_001.jpg,head_right,88.730804,D:\personal_resources\CV_research\AutoDL\train_20260501_sam_mask_soft_v2\001034\BEE24-33_001804_det21_tr0009.jpg,striped abdomen appears left; head/thorax to right
2,batch_001,2,../bee_direction_labeled_batch001_003/images/batch_001_002.jpg,head_right,-18.779272,D:\personal_resources\CV_research\AutoDL\train_20260501_sam_mask_soft_v2\000954\BEE24-33_001359_det21_tr0019.jpg,dark head side appears left; striped abdomen right
3,batch_001,3,../bee_direction_labeled_batch001_003/images/batch_001_003.jpg,head_right,83.412346,D:\personal_resources\CV_research\AutoDL\train_20260501_sam_mask_soft_v2\001366\BEE24-33_003162_det17_tr0011.jpg,small curled pose
4,batch_001,4,../bee_direction_labeled_batch001_003/images/batch_001_004.jpg,unclear,-3.967041,D:\personal_resources\CV_research\AutoDL\train_20260501_sam_mask_soft_v2\000054\BEE24-08_000067_det00_tr0035.jpg,"gray masked crop, head not clear"
5,batch_001,5,../bee_direction_labeled_batch001_003/images/batch_001_005.jpg,head_left,98.03022,D:\personal_resources\CV_research\AutoDL\train_20260501_sam_mask_soft_v2\001306\BEE24-33_002663_det34_tr0003.jpg,abdomen bands to right
6,batch_001,6,../bee_direction_labeled_batch001_003/images/batch_001_006.jpg,head_right,111.063103,D:\personal_resources\CV_research\AutoDL\train_20260501_sam_mask_soft_v2\001034\BEE24-33_001830_det14_tr0018.jpg,"head/legs appear left, abdomen right"
7,batch_001,7,../bee_direction_labeled_batch001_003/images/batch_001_007.jpg,head_right,88.664612,D:\personal_resources\CV_research\AutoDL\train_20260501_sam_mask_soft_v2\000081\BEE24-10_000158_det07_tr0025.jpg,"gray side view, ambiguous ends"
8,batch_001,8,../bee_direction_labeled_batch001_003/images/batch_001_008.jpg,head_left,84.889465,D:\personal_resources\CV_research\AutoDL\train_20260501_sam_mask_soft_v2\000053\BEE24-07_000050_det08_tr0008.jpg,"gray side view, ambiguous ends"
9,batch_001,9,../bee_direction_labeled_batch001_003/images/batch_001_009.jpg,unclear,-9.46262,D:\personal_resources\CV_research\AutoDL\train_20260501_sam_mask_soft_v2\000371\BEE24-24_000069_det05_tr0036.jpg,left protrusions look head-side
10,batch_001,10,../bee_direction_labeled_batch001_003/images/batch_001_010.jpg,head_right,107.117012,D:\personal_resources\CV_research\AutoDL\train_20260501_sam_mask_soft_v2\000836\BEE24-33_000311_det31_tr0001.jpg,body/abdomen extends right
11,batch_001,11,../bee_direction_labeled_batch001_003/images/batch_001_011.jpg,head_left,23.057119,D:\personal_resources\CV_research\AutoDL\train_20260501_sam_mask_soft_v2\000678\BEE24-33_000146_det28_tr0009.jpg,striped abdomen left; head likely right
12,batch_001,12,../bee_direction_labeled_batch001_003/images/batch_001_012.jpg,head_left,75.910896,D:\personal_resources\CV_research\AutoDL\train_20260501_sam_mask_soft_v2\000363\BEE24-24_000056_det01_tr0030.jpg,appendages/head-like detail on right
13,batch_001,13,../bee_direction_labeled_batch001_003/images/batch_001_013.jpg,head_left,5.381208,D:\personal_resources\CV_research\AutoDL\train_20260501_sam_mask_soft_v2\000522\BEE24-33_000105_det01_tr0018.jpg,head/legs appear left
14,batch_001,14,../bee_direction_labeled_batch001_003/images/batch_001_014.jpg,unclear,-1.568142,D:\personal_resources\CV_research\AutoDL\train_20260501_sam_mask_soft_v2\000380\BEE24-24_000067_det10_tr0007.jpg,abdomen bands appear right
15,batch_001,15,../bee_direction_labeled_batch001_003/images/batch_001_015.jpg,unclear,10.922322,D:\personal_resources\CV_research\AutoDL\train_20260501_sam_mask_soft_v2\000683\BEE24-33_000185_det16_tr0002.jpg,abdomen bands appear right
16,batch_001,16,../bee_direction_labeled_batch001_003/images/batch_001_016.jpg,unclear,85.258415,D:\personal_resources\CV_research\AutoDL\train_20260501_sam_mask_soft_v2\000123\BEE24-14_000338_det12_tr0037.jpg,"long gray crop, tentative"
17,batch_001,17,../bee_direction_labeled_batch001_003/images/batch_001_017.jpg,head_left,-3.201912,D:\personal_resources\CV_research\AutoDL\train_20260501_sam_mask_soft_v2\001116\BEE24-33_002055_det22_tr0015.jpg,head-like side left
18,batch_001,18,../bee_direction_labeled_batch001_003/images/batch_001_018.jpg,head_right,3.230731,D:\personal_resources\CV_research\AutoDL\train_20260501_sam_mask_soft_v2\001026\BEE24-33_000444_det33_tr0001.jpg,striped abdomen left; head likely right
19,batch_001,19,../bee_direction_labeled_batch001_003/images/batch_001_019.jpg,unclear,46.267334,D:\personal_resources\CV_research\AutoDL\train_20260501_sam_mask_soft_v2\000332\BEE24-23_000073_det00_tr0039.jpg,shape too soft
20,batch_001,20,../bee_direction_labeled_batch001_003/images/batch_001_020.jpg,unclear,61.337437,D:\personal_resources\CV_research\AutoDL\train_20260501_sam_mask_soft_v2\000039\BEE24-06_000028_det04_tr0014.jpg,right protrusion looks head/leg side
21,batch_001,21,../bee_direction_labeled_batch001_003/images/batch_001_021.jpg,head_left,63.292423,D:\personal_resources\CV_research\AutoDL\train_20260501_sam_mask_soft_v2\001082\BEE24-33_002041_det06_tr0019.jpg,striped abdomen left; head likely right
22,batch_001,22,../bee_direction_labeled_batch001_003/images/batch_001_022.jpg,head_right,42.99926,D:\personal_resources\CV_research\AutoDL\train_20260501_sam_mask_soft_v2\000051\BEE24-07_000020_det08_tr0000.jpg,top-view gray blob
23,batch_001,23,../bee_direction_labeled_batch001_003/images/batch_001_023.jpg,head_left,86.366852,D:\personal_resources\CV_research\AutoDL\train_20260501_sam_mask_soft_v2\000929\BEE24-33_000416_det16_tr0006.jpg,head side likely left; abdomen right
24,batch_001,24,../bee_direction_labeled_batch001_003/images/batch_001_024.jpg,unclear,87.615013,D:\personal_resources\CV_research\AutoDL\train_20260501_sam_mask_soft_v2\000505\BEE24-32_000020_det02_tr0010.jpg,gray crop ambiguous
25,batch_001,25,../bee_direction_labeled_batch001_003/images/batch_001_025.jpg,head_left,10.034683,D:\personal_resources\CV_research\AutoDL\train_20260501_sam_mask_soft_v2\000347\BEE24-23_000049_det06_tr0015.jpg,gray crop ambiguous
26,batch_001,26,../bee_direction_labeled_batch001_003/images/batch_001_026.jpg,unclear,36.723938,D:\personal_resources\CV_research\AutoDL\train_20260501_sam_mask_soft_v2\000441\BEE24-27_000033_det11_tr0002.jpg,curled gray crop
27,batch_001,27,../bee_direction_labeled_batch001_003/images/batch_001_027.jpg,head_left,83.768578,D:\personal_resources\CV_research\AutoDL\train_20260501_sam_mask_soft_v2\001256\BEE24-33_002822_det07_tr0015.jpg,"small head-like side to right, tentative"
28,batch_001,28,../bee_direction_labeled_batch001_003/images/batch_001_028.jpg,head_left,2.923198,D:\personal_resources\CV_research\AutoDL\train_20260501_sam_mask_soft_v2\000655\BEE24-33_000126_det30_tr0008.jpg,head side likely left; abdomen bands right
29,batch_001,29,../bee_direction_labeled_batch001_003/images/batch_001_029.jpg,unclear,-24.704891,D:\personal_resources\CV_research\AutoDL\train_20260501_sam_mask_soft_v2\001359\BEE24-33_002866_det27_tr0014.jpg,tiny crop
30,batch_001,30,../bee_direction_labeled_batch001_003/images/batch_001_030.jpg,head_left,83.636581,D:\personal_resources\CV_research\AutoDL\train_20260501_sam_mask_soft_v2\000095\BEE24-11_000037_det00_tr0019.jpg,top-view gray crop
31,batch_001,31,../bee_direction_labeled_batch001_003/images/batch_001_031.jpg,unclear,58.463665,D:\personal_resources\CV_research\AutoDL\train_20260501_sam_mask_soft_v2\000178\BEE24-15_000057_det11_tr0003.jpg,gray blob
32,batch_001,32,../bee_direction_labeled_batch001_003/images/batch_001_032.jpg,unclear,55.855347,D:\personal_resources\CV_research\AutoDL\train_20260501_sam_mask_soft_v2\000913\BEE24-33_000434_det10_tr0023.jpg,curled color crop
33,batch_001,33,../bee_direction_labeled_batch001_003/images/batch_001_033.jpg,head_right,52.063629,D:\personal_resources\CV_research\AutoDL\train_20260501_sam_mask_soft_v2\000507\BEE24-32_000031_det04_tr0016.jpg,head-like protrusion on right
34,batch_001,34,../bee_direction_labeled_batch001_003/images/batch_001_034.jpg,unclear,85.305801,D:\personal_resources\CV_research\AutoDL\train_20260501_sam_mask_soft_v2\000812\BEE24-33_000290_det21_tr0005.jpg,"color crop, head likely left"
35,batch_001,35,../bee_direction_labeled_batch001_003/images/batch_001_035.jpg,head_right,0.051562,D:\personal_resources\CV_research\AutoDL\train_20260501_sam_mask_soft_v2\000919\BEE24-33_001269_det21_tr0023.jpg,abdomen bands to right
36,batch_001,36,../bee_direction_labeled_batch001_003/images/batch_001_036.jpg,unclear,72.291847,D:\personal_resources\CV_research\AutoDL\train_20260501_sam_mask_soft_v2\000241\BEE24-18_000048_det06_tr0032.jpg,gray crop ambiguous
37,batch_001,37,../bee_direction_labeled_batch001_003/images/batch_001_037.jpg,unclear,5.076053,D:\personal_resources\CV_research\AutoDL\train_20260501_sam_mask_soft_v2\001029\BEE24-33_000476_det19_tr0015.jpg,"head likely left, tentative"
38,batch_001,38,../bee_direction_labeled_batch001_003/images/batch_001_038.jpg,head_right,47.526562,D:\personal_resources\CV_research\AutoDL\train_20260501_sam_mask_soft_v2\000276\BEE24-20_000020_det01_tr0015.jpg,abdomen bands left/center; head likely right
39,batch_001,39,../bee_direction_labeled_batch001_003/images/batch_001_039.jpg,unclear,18.877604,D:\personal_resources\CV_research\AutoDL\train_20260501_sam_mask_soft_v2\000394\BEE24-25_000017_det10_tr0012.jpg,left protrusions look head-side
40,batch_001,40,../bee_direction_labeled_batch001_003/images/batch_001_040.jpg,head_left,96.076164,D:\personal_resources\CV_research\AutoDL\train_20260501_sam_mask_soft_v2\000069\BEE24-09_000040_det05_tr0021.jpg,"rounded abdomen to right, tentative"
41,batch_001,41,../bee_direction_labeled_batch001_003/images/batch_001_041.jpg,head_left,133.966934,D:\personal_resources\CV_research\AutoDL\train_20260501_sam_mask_soft_v2\000508\BEE24-32_000059_det04_tr0031.jpg,striped abdomen left; head side right
42,batch_001,42,../bee_direction_labeled_batch001_003/images/batch_001_042.jpg,unclear,-26.594769,D:\personal_resources\CV_research\AutoDL\train_20260501_sam_mask_soft_v2\001027\BEE24-33_000468_det20_tr0016.jpg,small crop with background color
43,batch_001,43,../bee_direction_labeled_batch001_003/images/batch_001_043.jpg,head_right,-2.650409,D:\personal_resources\CV_research\AutoDL\train_20260501_sam_mask_soft_v2\000472\BEE24-29_000017_det02_tr0008.jpg,head/antenna-like detail right
44,batch_001,44,../bee_direction_labeled_batch001_003/images/batch_001_044.jpg,head_left,80.236351,D:\personal_resources\CV_research\AutoDL\train_20260501_sam_mask_soft_v2\000053\BEE24-07_000066_det07_tr0021.jpg,abdomen bands to right
45,batch_001,45,../bee_direction_labeled_batch001_003/images/batch_001_045.jpg,unclear,94.441383,D:\personal_resources\CV_research\AutoDL\train_20260501_sam_mask_soft_v2\000354\BEE24-23_000063_det09_tr0001.jpg,gray crop ambiguous
46,batch_001,46,../bee_direction_labeled_batch001_003/images/batch_001_046.jpg,unclear,67.874641,D:\personal_resources\CV_research\AutoDL\train_20260501_sam_mask_soft_v2\000460\BEE24-28_000009_det11_tr0006.jpg,"left side appears head-like, tentative"
47,batch_001,47,../bee_direction_labeled_batch001_003/images/batch_001_047.jpg,head_right,71.556702,D:\personal_resources\CV_research\AutoDL\train_20260501_sam_mask_soft_v2\000161\BEE24-15_000083_det01_tr0013.jpg,gray crop ambiguous
48,batch_001,48,../bee_direction_labeled_batch001_003/images/batch_001_048.jpg,head_right,99.73024,D:\personal_resources\CV_research\AutoDL\train_20260501_sam_mask_soft_v2\000473\BEE24-29_000022_det03_tr0017.jpg,partial gray crop
49,batch_001,49,../bee_direction_labeled_batch001_003/images/batch_001_049.jpg,head_left,89.091377,D:\personal_resources\CV_research\AutoDL\train_20260501_sam_mask_soft_v2\000442\BEE24-27_000033_det12_tr0002.jpg,"right side likely head/leg side, tentative"
50,batch_001,50,../bee_direction_labeled_batch001_003/images/batch_001_050.jpg,head_left,69.593941,D:\personal_resources\CV_research\AutoDL\train_20260501_sam_mask_soft_v2\000745\BEE24-33_000568_det29_tr0020.jpg,abdomen bands to right
51,batch_001,51,../bee_direction_labeled_batch001_003/images/batch_001_051.jpg,head_left,88.590317,D:\personal_resources\CV_research\AutoDL\train_20260501_sam_mask_soft_v2\000242\BEE24-18_000073_det05_tr0039.jpg,long gray crop ambiguous
52,batch_001,52,../bee_direction_labeled_batch001_003/images/batch_001_052.jpg,head_left,86.779037,D:\personal_resources\CV_research\AutoDL\train_20260501_sam_mask_soft_v2\000636\BEE24-33_000488_det32_tr0009.jpg,dark head side left; striped abdomen right
53,batch_001,53,../bee_direction_labeled_batch001_003/images/batch_001_053.jpg,unclear,86.141556,D:\personal_resources\CV_research\AutoDL\train_20260501_sam_mask_soft_v2\000135\BEE24-14_000223_det17_tr0017.jpg,gray crop ambiguous
54,batch_001,54,../bee_direction_labeled_batch001_003/images/batch_001_054.jpg,unclear,1.773307,D:\personal_resources\CV_research\AutoDL\train_20260501_sam_mask_soft_v2\000642\BEE24-33_000108_det32_tr0001.jpg,head-like side right
55,batch_001,55,../bee_direction_labeled_batch001_003/images/batch_001_055.jpg,unclear,-10.496195,D:\personal_resources\CV_research\AutoDL\train_20260501_sam_mask_soft_v2\000044\BEE24-07_000037_det01_tr0019.jpg,"pointed side right, tentative"
56,batch_001,56,../bee_direction_labeled_batch001_003/images/batch_001_056.jpg,head_right,64.387962,D:\personal_resources\CV_research\AutoDL\train_20260501_sam_mask_soft_v2\000085\BEE24-10_000055_det11_tr0011.jpg,gray crop ambiguous
57,batch_001,57,../bee_direction_labeled_batch001_003/images/batch_001_057.jpg,unclear,115.553734,D:\personal_resources\CV_research\AutoDL\train_20260501_sam_mask_soft_v2\000806\BEE24-33_001047_det28_tr0017.jpg,curled color crop
58,batch_001,58,../bee_direction_labeled_batch001_003/images/batch_001_058.jpg,unclear,-18.872723,D:\personal_resources\CV_research\AutoDL\train_20260501_sam_mask_soft_v2\000777\BEE24-33_000997_det25_tr0012.jpg,tentative color crop
59,batch_001,59,../bee_direction_labeled_batch001_003/images/batch_001_059.jpg,head_left,90.157799,D:\personal_resources\CV_research\AutoDL\train_20260501_sam_mask_soft_v2\000100\BEE24-11_000025_det04_tr0001.jpg,abdomen bands to right
60,batch_001,60,../bee_direction_labeled_batch001_003/images/batch_001_060.jpg,head_left,96.810196,D:\personal_resources\CV_research\AutoDL\train_20260501_sam_mask_soft_v2\001352\BEE24-33_002916_det19_tr0013.jpg,abdomen bands to right
61,batch_001,61,../bee_direction_labeled_batch001_003/images/batch_001_061.jpg,unclear,131.488098,D:\personal_resources\CV_research\AutoDL\train_20260501_sam_mask_soft_v2\000953\BEE24-33_001337_det24_tr0007.jpg,curled color crop
62,batch_001,62,../bee_direction_labeled_batch001_003/images/batch_001_062.jpg,head_left,66.708519,D:\personal_resources\CV_research\AutoDL\train_20260501_sam_mask_soft_v2\001354\BEE24-33_002831_det32_tr0006.jpg,"head likely right, tentative"
63,batch_001,63,../bee_direction_labeled_batch001_003/images/batch_001_063.jpg,head_left,-12.392941,D:\personal_resources\CV_research\AutoDL\train_20260501_sam_mask_soft_v2\001048\BEE24-33_001938_det12_tr0018.jpg,small crop ambiguous
64,batch_001,64,../bee_direction_labeled_batch001_003/images/batch_001_064.jpg,head_left,102.092361,D:\personal_resources\CV_research\AutoDL\train_20260501_sam_mask_soft_v2\000990\BEE24-33_001475_det17_tr0013.jpg,abdomen bands right
65,batch_001,65,../bee_direction_labeled_batch001_003/images/batch_001_065.jpg,head_left,14.100863,D:\personal_resources\CV_research\AutoDL\train_20260501_sam_mask_soft_v2\000371\BEE24-24_000050_det07_tr0021.jpg,"left side appears head-like, tentative"
66,batch_001,66,../bee_direction_labeled_batch001_003/images/batch_001_066.jpg,head_right,2.717612,D:\personal_resources\CV_research\AutoDL\train_20260501_sam_mask_soft_v2\000787\BEE24-33_000256_det27_tr0007.jpg,head likely right
67,batch_001,67,../bee_direction_labeled_batch001_003/images/batch_001_067.jpg,head_right,4.03797,D:\personal_resources\CV_research\AutoDL\train_20260501_sam_mask_soft_v2\000900\BEE24-33_001245_det17_tr0006.jpg,abdomen bands to right
68,batch_001,68,../bee_direction_labeled_batch001_003/images/batch_001_068.jpg,head_right,75.493599,D:\personal_resources\CV_research\AutoDL\train_20260501_sam_mask_soft_v2\000826\BEE24-33_001122_det15_tr0010.jpg,curled color crop
69,batch_001,69,../bee_direction_labeled_batch001_003/images/batch_001_069.jpg,unclear,10.001935,D:\personal_resources\CV_research\AutoDL\train_20260501_sam_mask_soft_v2\001065\BEE24-33_001845_det34_tr0010.jpg,tentative head-like side right
70,batch_001,70,../bee_direction_labeled_batch001_003/images/batch_001_070.jpg,head_left,68.192177,D:\personal_resources\CV_research\AutoDL\train_20260501_sam_mask_soft_v2\001205\BEE24-33_002359_det34_tr0000.jpg,partial/top-view color crop
71,batch_001,71,../bee_direction_labeled_batch001_003/images/batch_001_071.jpg,head_right,60.96817,D:\personal_resources\CV_research\AutoDL\train_20260501_sam_mask_soft_v2\000276\BEE24-20_000005_det02_tr0003.jpg,gray crop ambiguous
72,batch_001,72,../bee_direction_labeled_batch001_003/images/batch_001_072.jpg,unclear,-0.074191,D:\personal_resources\CV_research\AutoDL\train_20260501_sam_mask_soft_v2\000215\BEE24-17_000063_det00_tr0031.jpg,thin partial crop
73,batch_001,73,../bee_direction_labeled_batch001_003/images/batch_001_073.jpg,head_right,24.377468,D:\personal_resources\CV_research\AutoDL\train_20260501_sam_mask_soft_v2\000470\BEE24-29_000063_det00_tr0038.jpg,abdomen bands left; head side right
74,batch_001,74,../bee_direction_labeled_batch001_003/images/batch_001_074.jpg,head_right,15.773293,D:\personal_resources\CV_research\AutoDL\train_20260501_sam_mask_soft_v2\000362\BEE24-24_000027_det05_tr0021.jpg,abdomen bands left; head side right
75,batch_001,75,../bee_direction_labeled_batch001_003/images/batch_001_075.jpg,head_right,90.838295,D:\personal_resources\CV_research\AutoDL\train_20260501_sam_mask_soft_v2\000117\BEE24-14_000257_det09_tr0028.jpg,gray crop ambiguous
76,batch_001,76,../bee_direction_labeled_batch001_003/images/batch_001_076.jpg,head_right,103.958717,D:\personal_resources\CV_research\AutoDL\train_20260501_sam_mask_soft_v2\000106\BEE24-14_000148_det02_tr0026.jpg,head/leg-like protrusion right
77,batch_001,77,../bee_direction_labeled_batch001_003/images/batch_001_077.jpg,unclear,107.53019,D:\personal_resources\CV_research\AutoDL\train_20260501_sam_mask_soft_v2\000314\BEE24-22_000014_det07_tr0006.jpg,gray crop ambiguous
78,batch_001,78,../bee_direction_labeled_batch001_003/images/batch_001_078.jpg,head_right,13.869757,D:\personal_resources\CV_research\AutoDL\train_20260501_sam_mask_soft_v2\000828\BEE24-33_001042_det39_tr0001.jpg,abdomen appears right
79,batch_001,79,../bee_direction_labeled_batch001_003/images/batch_001_079.jpg,head_right,84.035927,D:\personal_resources\CV_research\AutoDL\train_20260501_sam_mask_soft_v2\000880\BEE24-33_001103_det37_tr0010.jpg,head likely right
80,batch_001,80,../bee_direction_labeled_batch001_003/images/batch_001_080.jpg,head_right,-0.673151,D:\personal_resources\CV_research\AutoDL\train_20260501_sam_mask_soft_v2\001296\BEE24-33_002650_det32_tr0007.jpg,abdomen bands right
81,batch_001,81,../bee_direction_labeled_batch001_003/images/batch_001_081.jpg,head_right,8.184412,D:\personal_resources\CV_research\AutoDL\train_20260501_sam_mask_soft_v2\000939\BEE24-33_001189_det40_tr0002.jpg,striped abdomen left; head side right
82,batch_001,82,../bee_direction_labeled_batch001_003/images/batch_001_082.jpg,head_left,16.145412,D:\personal_resources\CV_research\AutoDL\train_20260501_sam_mask_soft_v2\000518\BEE24-33_000025_det05_tr0006.jpg,head side left; abdomen right
83,batch_001,83,../bee_direction_labeled_batch001_003/images/batch_001_083.jpg,head_left,100.591629,D:\personal_resources\CV_research\AutoDL\train_20260501_sam_mask_soft_v2\000543\BEE24-33_000070_det22_tr0019.jpg,head side left; abdomen right
84,batch_001,84,../bee_direction_labeled_batch001_003/images/batch_001_084.jpg,head_left,67.454559,D:\personal_resources\CV_research\AutoDL\train_20260501_sam_mask_soft_v2\000718\BEE24-33_000546_det27_tr0009.jpg,curled color crop
85,batch_001,85,../bee_direction_labeled_batch001_003/images/batch_001_085.jpg,head_left,24.102264,D:\personal_resources\CV_research\AutoDL\train_20260501_sam_mask_soft_v2\001063\BEE24-33_001841_det33_tr0007.jpg,tentative color crop
86,batch_001,86,../bee_direction_labeled_batch001_003/images/batch_001_086.jpg,head_right,86.388153,D:\personal_resources\CV_research\AutoDL\train_20260501_sam_mask_soft_v2\000470\BEE24-29_000046_det00_tr0027.jpg,right end looks head/leg side
87,batch_001,87,../bee_direction_labeled_batch001_003/images/batch_001_087.jpg,head_right,84.308609,D:\personal_resources\CV_research\AutoDL\train_20260501_sam_mask_soft_v2\000119\BEE24-14_000044_det16_tr0010.jpg,curled gray crop
88,batch_001,88,../bee_direction_labeled_batch001_003/images/batch_001_088.jpg,head_left,31.375118,D:\personal_resources\CV_research\AutoDL\train_20260501_sam_mask_soft_v2\001328\BEE24-33_002736_det28_tr0009.jpg,tiny color crop
89,batch_001,89,../bee_direction_labeled_batch001_003/images/batch_001_089.jpg,head_right,92.546021,D:\personal_resources\CV_research\AutoDL\train_20260501_sam_mask_soft_v2\000422\BEE24-26_000073_det08_tr0008.jpg,"left side appears head-like, tentative"
90,batch_001,90,../bee_direction_labeled_batch001_003/images/batch_001_090.jpg,head_left,5.662103,D:\personal_resources\CV_research\AutoDL\train_20260501_sam_mask_soft_v2\000230\BEE24-17_000074_det04_tr0017.jpg,left side appears head-like
91,batch_001,91,../bee_direction_labeled_batch001_003/images/batch_001_091.jpg,head_right,108.247597,D:\personal_resources\CV_research\AutoDL\train_20260501_sam_mask_soft_v2\000585\BEE24-33_000826_det15_tr0015.jpg,tiny color crop
92,batch_001,92,../bee_direction_labeled_batch001_003/images/batch_001_092.jpg,head_left,89.16684,D:\personal_resources\CV_research\AutoDL\train_20260501_sam_mask_soft_v2\000143\BEE24-14_000150_det25_tr0004.jpg,striped abdomen left; head side right
93,batch_001,93,../bee_direction_labeled_batch001_003/images/batch_001_093.jpg,head_right,-5.460819,D:\personal_resources\CV_research\AutoDL\train_20260501_sam_mask_soft_v2\000608\BEE24-33_000067_det33_tr0000.jpg,tentative color crop
94,batch_001,94,../bee_direction_labeled_batch001_003/images/batch_001_094.jpg,unclear,69.010498,D:\personal_resources\CV_research\AutoDL\train_20260501_sam_mask_soft_v2\000179\BEE24-15_000059_det12_tr0003.jpg,gray crop ambiguous
95,batch_001,95,../bee_direction_labeled_batch001_003/images/batch_001_095.jpg,head_right,96.956718,D:\personal_resources\CV_research\AutoDL\train_20260501_sam_mask_soft_v2\000080\BEE24-10_000097_det07_tr0015.jpg,"right side likely head, tentative"
96,batch_001,96,../bee_direction_labeled_batch001_003/images/batch_001_096.jpg,head_right,2.97928,D:\personal_resources\CV_research\AutoDL\train_20260501_sam_mask_soft_v2\001403\BEE24-33_003050_det35_tr0000.jpg,tentative color crop
97,batch_001,97,../bee_direction_labeled_batch001_003/images/batch_001_097.jpg,head_right,36.119598,D:\personal_resources\CV_research\AutoDL\train_20260501_sam_mask_soft_v2\000074\BEE24-10_000148_det01_tr0023.jpg,"gray crop, tentative"
98,batch_001,98,../bee_direction_labeled_batch001_003/images/batch_001_098.jpg,unclear,-17.026962,D:\personal_resources\CV_research\AutoDL\train_20260501_sam_mask_soft_v2\000639\BEE24-33_000773_det40_tr0021.jpg,tentative color crop
99,batch_001,99,../bee_direction_labeled_batch001_003/images/batch_001_099.jpg,head_left,52.52681,D:\personal_resources\CV_research\AutoDL\train_20260501_sam_mask_soft_v2\000138\BEE24-14_000263_det17_tr0023.jpg,abdomen bands left; head side right
100,batch_001,100,../bee_direction_labeled_batch001_003/images/batch_001_100.jpg,head_right,96.432022,D:\personal_resources\CV_research\AutoDL\train_20260501_sam_mask_soft_v2\000082\BEE24-10_000024_det09_tr0004.jpg,gray top-view crop ambiguous
101,batch_002,1,../bee_direction_labeled_batch001_003/images/batch_002_001.jpg,head_right,43.248344,D:\personal_resources\CV_research\AutoDL\train_20260501_sam_mask_soft_v2\001906\BEE24-33_004243_det02_tr0017.jpg,dark compact head appears right; abdomen color/stripe mass left-center
102,batch_002,2,../bee_direction_labeled_batch001_003/images/batch_002_002.jpg,head_left,59.203053,D:\personal_resources\CV_research\AutoDL\train_20260501_sam_mask_soft_v2\000497\BEE24-31_000033_det05_tr0006.jpg,gray crop; right end looks more compact/head-like
103,batch_002,3,../bee_direction_labeled_batch001_003/images/batch_002_003.jpg,head_right,94.545471,D:\personal_resources\CV_research\AutoDL\train_20260501_sam_mask_soft_v2\002204\BEE24-13_000231_det07_tr0035.jpg,gray crop; left protrusion reads more like head/legs
104,batch_002,4,../bee_direction_labeled_batch001_003/images/batch_002_004.jpg,head_left,-44.559052,D:\personal_resources\CV_research\AutoDL\train_20260501_sam_mask_soft_v2\000350\BEE24-23_000064_det04_tr0012.jpg,clear abdomen stripes on right
105,batch_002,5,../bee_direction_labeled_batch001_003/images/batch_002_005.jpg,head_right,85.087074,D:\personal_resources\CV_research\AutoDL\train_20260501_sam_mask_soft_v2\000057\BEE24-08_000062_det01_tr0033.jpg,weak gray crop; right protrusions look head-side
106,batch_002,6,../bee_direction_labeled_batch001_003/images/batch_002_006.jpg,unclear,0.226006,D:\personal_resources\CV_research\AutoDL\train_20260501_sam_mask_soft_v2\000762\BEE24-33_000560_det41_tr0019.jpg,dark compact head appears right
107,batch_002,7,../bee_direction_labeled_batch001_003/images/batch_002_007.jpg,head_right,17.245974,D:\personal_resources\CV_research\AutoDL\train_20260501_sam_mask_soft_v2\000206\BEE24-15_000193_det11_tr0009.jpg,stripe-like abdomen marks on left; head opposite
108,batch_002,8,../bee_direction_labeled_batch001_003/images/batch_002_008.jpg,head_left,125.907005,D:\personal_resources\CV_research\AutoDL\train_20260501_sam_mask_soft_v2\002186\BEE24-35_004862_det08_tr0014.jpg,striped abdomen mass on right
109,batch_002,9,../bee_direction_labeled_batch001_003/images/batch_002_009.jpg,head_right,12.868502,D:\personal_resources\CV_research\AutoDL\train_20260501_sam_mask_soft_v2\000339\BEE24-23_000033_det02_tr0011.jpg,gray crop; right small end likely head
110,batch_002,10,../bee_direction_labeled_batch001_003/images/batch_002_010.jpg,unclear,-16.010128,D:\personal_resources\CV_research\AutoDL\train_20260501_sam_mask_soft_v2\002047\BEE24-35_002000_det09_tr0004.jpg,clear striped abdomen on right
111,batch_002,11,../bee_direction_labeled_batch001_003/images/batch_002_011.jpg,head_right,59.097561,D:\personal_resources\CV_research\AutoDL\train_20260501_sam_mask_soft_v2\000913\BEE24-33_000413_det11_tr0011.jpg,curled color crop; darker compact end likely right
112,batch_002,12,../bee_direction_labeled_batch001_003/images/batch_002_012.jpg,head_right,63.66531,D:\personal_resources\CV_research\AutoDL\train_20260501_sam_mask_soft_v2\002137\BEE24-35_003888_det08_tr0010.jpg,"striped abdomen left, dark head/eyes right"
113,batch_002,13,../bee_direction_labeled_batch001_003/images/batch_002_013.jpg,head_left,2.958911,D:\personal_resources\CV_research\AutoDL\train_20260501_sam_mask_soft_v2\000431\BEE24-27_000018_det05_tr0013.jpg,gray crop; darker bulky end likely left head
114,batch_002,14,../bee_direction_labeled_batch001_003/images/batch_002_014.jpg,head_left,-32.562077,D:\personal_resources\CV_research\AutoDL\train_20260501_sam_mask_soft_v2\001004\BEE24-33_000417_det38_tr0000.jpg,black compact feature at left; abdomen/body extends right
115,batch_002,15,../bee_direction_labeled_batch001_003/images/batch_002_015.jpg,head_right,-22.007284,D:\personal_resources\CV_research\AutoDL\train_20260501_sam_mask_soft_v2\000041\BEE24-06_000002_det07_tr0000.jpg,stripe-like abdomen marks on left; head opposite
116,batch_002,16,../bee_direction_labeled_batch001_003/images/batch_002_016.jpg,head_right,95.628143,D:\personal_resources\CV_research\AutoDL\train_20260501_sam_mask_soft_v2\000812\BEE24-33_000334_det16_tr0017.jpg,dark circular head-like feature on right
117,batch_002,17,../bee_direction_labeled_batch001_003/images/batch_002_017.jpg,head_right,112.423218,D:\personal_resources\CV_research\AutoDL\train_20260501_sam_mask_soft_v2\000012\BEE24-02_000011_det01_tr0005.jpg,gray crop; right compact end likely head
118,batch_002,18,../bee_direction_labeled_batch001_003/images/batch_002_018.jpg,head_right,115.403946,D:\personal_resources\CV_research\AutoDL\train_20260501_sam_mask_soft_v2\001437\BEE24-33_003346_det26_tr0016.jpg,striped abdomen visible toward left; head opposite
119,batch_002,19,../bee_direction_labeled_batch001_003/images/batch_002_019.jpg,head_left,100.223145,D:\personal_resources\CV_research\AutoDL\train_20260501_sam_mask_soft_v2\002202\BEE24-13_000179_det05_tr0027.jpg,gray crop; left small protrusion likely head
120,batch_002,20,../bee_direction_labeled_batch001_003/images/batch_002_020.jpg,head_right,14.679443,D:\personal_resources\CV_research\AutoDL\train_20260501_sam_mask_soft_v2\000550\BEE24-33_000043_det17_tr0014.jpg,striped abdomen left; head/eyes right
121,batch_002,21,../bee_direction_labeled_batch001_003/images/batch_002_021.jpg,head_right,89.55999,D:\personal_resources\CV_research\AutoDL\train_20260501_sam_mask_soft_v2\001970\BEE24-35_001292_det05_tr0012.jpg,clear stripes left and dark head right
122,batch_002,22,../bee_direction_labeled_batch001_003/images/batch_002_022.jpg,head_right,11.402257,D:\personal_resources\CV_research\AutoDL\train_20260501_sam_mask_soft_v2\000862\BEE24-33_000414_det09_tr0014.jpg,dark compact head at right
123,batch_002,23,../bee_direction_labeled_batch001_003/images/batch_002_023.jpg,head_right,20.714735,D:\personal_resources\CV_research\AutoDL\train_20260501_sam_mask_soft_v2\000526\BEE24-33_000010_det11_tr0000.jpg,striped abdomen left; head opposite
124,batch_002,24,../bee_direction_labeled_batch001_003/images/batch_002_024.jpg,head_right,17.408796,D:\personal_resources\CV_research\AutoDL\train_20260501_sam_mask_soft_v2\001760\BEE24-33_004947_det26_tr0018.jpg,abdomen striping/darker abdomen left; head side right
125,batch_002,25,../bee_direction_labeled_batch001_003/images/batch_002_025.jpg,head_left,-3.219321,D:\personal_resources\CV_research\AutoDL\train_20260501_sam_mask_soft_v2\001376\BEE24-33_002994_det27_tr0006.jpg,clear dark head left and striped abdomen right
126,batch_002,26,../bee_direction_labeled_batch001_003/images/batch_002_026.jpg,unclear,3.234599,D:\personal_resources\CV_research\AutoDL\train_20260501_sam_mask_soft_v2\000579\BEE24-33_000053_det34_tr0017.jpg,blue artifact; visible body suggests head to right
127,batch_002,27,../bee_direction_labeled_batch001_003/images/batch_002_027.jpg,head_right,122.659073,D:\personal_resources\CV_research\AutoDL\train_20260501_sam_mask_soft_v2\000504\BEE24-32_000010_det01_tr0006.jpg,small gray crop; left side more head-like
128,batch_002,28,../bee_direction_labeled_batch001_003/images/batch_002_028.jpg,head_left,-8.913281,D:\personal_resources\CV_research\AutoDL\train_20260501_sam_mask_soft_v2\001926\BEE24-33_003874_det26_tr0010.jpg,curled crop; darker compact region toward right
129,batch_002,29,../bee_direction_labeled_batch001_003/images/batch_002_029.jpg,head_left,78.814796,D:\personal_resources\CV_research\AutoDL\train_20260501_sam_mask_soft_v2\000506\BEE24-32_000067_det01_tr0035.jpg,gray crop; left dark end likely head
130,batch_002,30,../bee_direction_labeled_batch001_003/images/batch_002_030.jpg,head_right,64.363525,D:\personal_resources\CV_research\AutoDL\train_20260501_sam_mask_soft_v2\000175\BEE24-15_000030_det11_tr0003.jpg,gray crop; right rounded compact end likely head
131,batch_002,31,../bee_direction_labeled_batch001_003/images/batch_002_031.jpg,head_left,99.551186,D:\personal_resources\CV_research\AutoDL\train_20260501_sam_mask_soft_v2\001335\BEE24-33_002743_det33_tr0004.jpg,dark loop/head feature on left; abdomen extends right
132,batch_002,32,../bee_direction_labeled_batch001_003/images/batch_002_032.jpg,head_left,-5.872707,D:\personal_resources\CV_research\AutoDL\train_20260501_sam_mask_soft_v2\000066\BEE24-09_000067_det02_tr0035.jpg,gray crop; tapered left end more head-like
133,batch_002,33,../bee_direction_labeled_batch001_003/images/batch_002_033.jpg,head_left,125.430801,D:\personal_resources\CV_research\AutoDL\train_20260501_sam_mask_soft_v2\000542\BEE24-33_000183_det04_tr0017.jpg,striped abdomen right; head opposite
134,batch_002,34,../bee_direction_labeled_batch001_003/images/batch_002_034.jpg,unclear,-5.284896,D:\personal_resources\CV_research\AutoDL\train_20260501_sam_mask_soft_v2\001531\BEE24-33_003947_det32_tr0017.jpg,very blurry crop; right side slightly more head-like
135,batch_002,35,../bee_direction_labeled_batch001_003/images/batch_002_035.jpg,head_right,-8.609834,D:\personal_resources\CV_research\AutoDL\train_20260501_sam_mask_soft_v2\000910\BEE24-33_001196_det23_tr0023.jpg,right pointed/dark end likely head
136,batch_002,36,../bee_direction_labeled_batch001_003/images/batch_002_036.jpg,head_right,-42.321262,D:\personal_resources\CV_research\AutoDL\train_20260501_sam_mask_soft_v2\002118\BEE24-35_003438_det12_tr0001.jpg,right compact round end with legs likely head
137,batch_002,37,../bee_direction_labeled_batch001_003/images/batch_002_037.jpg,head_left,-7.617319,D:\personal_resources\CV_research\AutoDL\train_20260501_sam_mask_soft_v2\002225\BEE24-13_000117_det24_tr0004.jpg,left darker/protruding side likely head
138,batch_002,38,../bee_direction_labeled_batch001_003/images/batch_002_038.jpg,unclear,72.738426,D:\personal_resources\CV_research\AutoDL\train_20260501_sam_mask_soft_v2\001763\BEE24-33_001818_det04_tr0010.jpg,striped abdomen more to right/top; head opposite
139,batch_002,39,../bee_direction_labeled_batch001_003/images/batch_002_039.jpg,head_right,130.309662,D:\personal_resources\CV_research\AutoDL\train_20260501_sam_mask_soft_v2\000522\BEE24-33_000067_det02_tr0011.jpg,curled crop; darker compact side likely right
140,batch_002,40,../bee_direction_labeled_batch001_003/images/batch_002_040.jpg,head_right,-8.435593,D:\personal_resources\CV_research\AutoDL\train_20260501_sam_mask_soft_v2\002194\BEE24-13_000252_det00_tr0039.jpg,right small round feature likely head
141,batch_002,41,../bee_direction_labeled_batch001_003/images/batch_002_041.jpg,head_left,15.783349,D:\personal_resources\CV_research\AutoDL\train_20260501_sam_mask_soft_v2\000960\BEE24-33_000022_det26_tr0008.jpg,"black head/eye left, abdomen stripes right"
142,batch_002,42,../bee_direction_labeled_batch001_003/images/batch_002_042.jpg,head_left,91.336502,D:\personal_resources\CV_research\AutoDL\train_20260501_sam_mask_soft_v2\001476\BEE24-33_003466_det33_tr0008.jpg,darker abdomen/striping left; head side right
143,batch_002,43,../bee_direction_labeled_batch001_003/images/batch_002_043.jpg,head_right,-37.593685,D:\personal_resources\CV_research\AutoDL\train_20260501_sam_mask_soft_v2\002246\BEE24-16_000212_det07_tr0033.jpg,clear abdomen stripes right
144,batch_002,44,../bee_direction_labeled_batch001_003/images/batch_002_044.jpg,head_left,34.293186,D:\personal_resources\CV_research\AutoDL\train_20260501_sam_mask_soft_v2\001843\BEE24-33_001730_det32_tr0000.jpg,abdomen stripes on right
145,batch_002,45,../bee_direction_labeled_batch001_003/images/batch_002_045.jpg,head_left,48.861588,D:\personal_resources\CV_research\AutoDL\train_20260501_sam_mask_soft_v2\002021\BEE24-35_001405_det11_tr0002.jpg,clear dark head/eyes left and striped abdomen right
146,batch_002,46,../bee_direction_labeled_batch001_003/images/batch_002_046.jpg,head_left,15.846839,D:\personal_resources\CV_research\AutoDL\train_20260501_sam_mask_soft_v2\001874\BEE24-33_002122_det27_tr0007.jpg,abdomen stripes right; head opposite
147,batch_002,47,../bee_direction_labeled_batch001_003/images/batch_002_047.jpg,unclear,-8.245655,D:\personal_resources\CV_research\AutoDL\train_20260501_sam_mask_soft_v2\000631\BEE24-33_000501_det24_tr0018.jpg,blue artifact; dark compact bee part appears left
148,batch_002,48,../bee_direction_labeled_batch001_003/images/batch_002_048.jpg,head_left,13.393634,D:\personal_resources\CV_research\AutoDL\train_20260501_sam_mask_soft_v2\000013\BEE24-02_000067_det02_tr0035.jpg,"left darker end/head-like, body to right"
149,batch_002,49,../bee_direction_labeled_batch001_003/images/batch_002_049.jpg,unclear,37.376228,D:\personal_resources\CV_research\AutoDL\train_20260501_sam_mask_soft_v2\000553\BEE24-33_000175_det02_tr0019.jpg,curled crop; dark compact area likely right
150,batch_002,50,../bee_direction_labeled_batch001_003/images/batch_002_050.jpg,head_left,71.414436,D:\personal_resources\CV_research\AutoDL\train_20260501_sam_mask_soft_v2\001896\BEE24-33_003636_det04_tr0018.jpg,striped abdomen right; head opposite
151,batch_002,51,../bee_direction_labeled_batch001_003/images/batch_002_051.jpg,head_left,8.858294,D:\personal_resources\CV_research\AutoDL\train_20260501_sam_mask_soft_v2\001221\BEE24-33_002438_det34_tr0012.jpg,striped abdomen right; head opposite
152,batch_002,52,../bee_direction_labeled_batch001_003/images/batch_002_052.jpg,head_left,21.491541,D:\personal_resources\CV_research\AutoDL\train_20260501_sam_mask_soft_v2\001586\BEE24-33_004538_det08_tr0022.jpg,curled color crop; darker head-like side left
153,batch_002,53,../bee_direction_labeled_batch001_003/images/batch_002_053.jpg,head_left,-20.410187,D:\personal_resources\CV_research\AutoDL\train_20260501_sam_mask_soft_v2\000171\BEE24-15_000104_det06_tr0029.jpg,gray crop; right compact end likely head
154,batch_002,54,../bee_direction_labeled_batch001_003/images/batch_002_054.jpg,head_left,-7.753232,D:\personal_resources\CV_research\AutoDL\train_20260501_sam_mask_soft_v2\000371\BEE24-24_000065_det06_tr0033.jpg,gray crop; left side shows head/leg protrusion
155,batch_002,55,../bee_direction_labeled_batch001_003/images/batch_002_055.jpg,unclear,68.831757,D:\personal_resources\CV_research\AutoDL\train_20260501_sam_mask_soft_v2\002173\BEE24-35_004501_det07_tr0002.jpg,dark crop; left side slightly more head-like
156,batch_002,56,../bee_direction_labeled_batch001_003/images/batch_002_056.jpg,unclear,79.625359,D:\personal_resources\CV_research\AutoDL\train_20260501_sam_mask_soft_v2\001073\BEE24-33_001902_det23_tr0015.jpg,curled crop; head-like dark compact side right
157,batch_002,57,../bee_direction_labeled_batch001_003/images/batch_002_057.jpg,head_right,48.268909,D:\personal_resources\CV_research\AutoDL\train_20260501_sam_mask_soft_v2\000368\BEE24-24_000017_det11_tr0007.jpg,tiny gray crop; right end likely head
158,batch_002,58,../bee_direction_labeled_batch001_003/images/batch_002_058.jpg,head_left,84.362495,D:\personal_resources\CV_research\AutoDL\train_20260501_sam_mask_soft_v2\000906\BEE24-33_000388_det38_tr0004.jpg,clear abdomen stripes right
159,batch_002,59,../bee_direction_labeled_batch001_003/images/batch_002_059.jpg,head_right,89.732201,D:\personal_resources\CV_research\AutoDL\train_20260501_sam_mask_soft_v2\000456\BEE24-28_000003_det07_tr0001.jpg,gray crop; right rounded end likely head
160,batch_002,60,../bee_direction_labeled_batch001_003/images/batch_002_060.jpg,unclear,88.956993,D:\personal_resources\CV_research\AutoDL\train_20260501_sam_mask_soft_v2\002011\BEE24-35_001260_det08_tr0018.jpg,dark crop; left side slightly more head-like
161,batch_002,61,../bee_direction_labeled_batch001_003/images/batch_002_061.jpg,head_left,92.491615,D:\personal_resources\CV_research\AutoDL\train_20260501_sam_mask_soft_v2\000591\BEE24-33_000702_det41_tr0022.jpg,clear abdomen stripes right
162,batch_002,62,../bee_direction_labeled_batch001_003/images/batch_002_062.jpg,unclear,-7.665033,D:\personal_resources\CV_research\AutoDL\train_20260501_sam_mask_soft_v2\000485\BEE24-30_000028_det03_tr0018.jpg,gray crop; left darker compact side likely head
163,batch_002,63,../bee_direction_labeled_batch001_003/images/batch_002_063.jpg,head_left,76.964546,D:\personal_resources\CV_research\AutoDL\train_20260501_sam_mask_soft_v2\000421\BEE24-26_000071_det07_tr0015.jpg,left protrusions read as head/legs
164,batch_002,64,../bee_direction_labeled_batch001_003/images/batch_002_064.jpg,unclear,99.362236,D:\personal_resources\CV_research\AutoDL\train_20260501_sam_mask_soft_v2\000393\BEE24-25_000004_det11_tr0002.jpg,gray crop; right compact rounded end likely head
165,batch_002,65,../bee_direction_labeled_batch001_003/images/batch_002_065.jpg,unclear,0.074021,D:\personal_resources\CV_research\AutoDL\train_20260501_sam_mask_soft_v2\001555\BEE24-33_004126_det26_tr0021.jpg,curled color crop; left darker circular side likely head
166,batch_002,66,../bee_direction_labeled_batch001_003/images/batch_002_066.jpg,head_right,-30.655626,D:\personal_resources\CV_research\AutoDL\train_20260501_sam_mask_soft_v2\001960\BEE24-33_004823_det31_tr0004.jpg,blurry color crop; right compact end likely head
167,batch_002,67,../bee_direction_labeled_batch001_003/images/batch_002_067.jpg,head_right,20.931181,D:\personal_resources\CV_research\AutoDL\train_20260501_sam_mask_soft_v2\000188\BEE24-15_000090_det10_tr0009.jpg,gray crop; right end has head-like dark dot
168,batch_002,68,../bee_direction_labeled_batch001_003/images/batch_002_068.jpg,head_left,37.648891,D:\personal_resources\CV_research\AutoDL\train_20260501_sam_mask_soft_v2\000733\BEE24-33_000610_det18_tr0014.jpg,abdomen stripes toward right; head opposite
169,batch_002,69,../bee_direction_labeled_batch001_003/images/batch_002_069.jpg,head_right,79.868103,D:\personal_resources\CV_research\AutoDL\train_20260501_sam_mask_soft_v2\000099\BEE24-11_000043_det03_tr0019.jpg,gray crop; right small round side likely head
170,batch_002,70,../bee_direction_labeled_batch001_003/images/batch_002_070.jpg,head_right,52.218964,D:\personal_resources\CV_research\AutoDL\train_20260501_sam_mask_soft_v2\002026\BEE24-35_001560_det09_tr0023.jpg,striped abdomen left; head right
171,batch_002,71,../bee_direction_labeled_batch001_003/images/batch_002_071.jpg,head_right,33.933708,D:\personal_resources\CV_research\AutoDL\train_20260501_sam_mask_soft_v2\001007\BEE24-33_000458_det13_tr0012.jpg,curled crop; dark compact side likely right
172,batch_002,72,../bee_direction_labeled_batch001_003/images/batch_002_072.jpg,head_left,14.84038,D:\personal_resources\CV_research\AutoDL\train_20260501_sam_mask_soft_v2\001702\BEE24-33_001592_det38_tr0003.jpg,striped abdomen right; head opposite
173,batch_002,73,../bee_direction_labeled_batch001_003/images/batch_002_073.jpg,head_right,3.407523,D:\personal_resources\CV_research\AutoDL\train_20260501_sam_mask_soft_v2\001692\BEE24-33_004730_det25_tr0005.jpg,dark compact head-like side right
174,batch_002,74,../bee_direction_labeled_batch001_003/images/batch_002_074.jpg,unclear,110.28244,D:\personal_resources\CV_research\AutoDL\train_20260501_sam_mask_soft_v2\002233\BEE24-13_000187_det25_tr0015.jpg,gray crop; right protrusions/dark side likely head
175,batch_002,75,../bee_direction_labeled_batch001_003/images/batch_002_075.jpg,head_right,46.941128,D:\personal_resources\CV_research\AutoDL\train_20260501_sam_mask_soft_v2\002175\BEE24-35_004503_det09_tr0009.jpg,striped abdomen left; head right
176,batch_002,76,../bee_direction_labeled_batch001_003/images/batch_002_076.jpg,head_left,133.50856,D:\personal_resources\CV_research\AutoDL\train_20260501_sam_mask_soft_v2\000142\BEE24-14_000173_det23_tr0023.jpg,gray crop; right compact end likely head
177,batch_002,77,../bee_direction_labeled_batch001_003/images/batch_002_077.jpg,head_right,90.533928,D:\personal_resources\CV_research\AutoDL\train_20260501_sam_mask_soft_v2\000309\BEE24-22_000022_det03_tr0017.jpg,faint abdomen bands on left; head opposite
178,batch_002,78,../bee_direction_labeled_batch001_003/images/batch_002_078.jpg,head_right,58.747513,D:\personal_resources\CV_research\AutoDL\train_20260501_sam_mask_soft_v2\000001\BEE24-01_000073_det00_tr0039.jpg,gray crop with artifact; right protrusion likely head
179,batch_002,79,../bee_direction_labeled_batch001_003/images/batch_002_079.jpg,head_right,44.785892,D:\personal_resources\CV_research\AutoDL\train_20260501_sam_mask_soft_v2\002106\BEE24-35_003249_det08_tr0011.jpg,clear striped abdomen left and head right
180,batch_002,80,../bee_direction_labeled_batch001_003/images/batch_002_080.jpg,head_left,32.970711,D:\personal_resources\CV_research\AutoDL\train_20260501_sam_mask_soft_v2\001747\BEE24-33_004947_det23_tr0022.jpg,dark/greenish head-side appears left
181,batch_002,81,../bee_direction_labeled_batch001_003/images/batch_002_081.jpg,head_left,-37.583435,D:\personal_resources\CV_research\AutoDL\train_20260501_sam_mask_soft_v2\000292\BEE24-21_000046_det01_tr0024.jpg,gray blob; right upper compact side tentatively head
182,batch_002,82,../bee_direction_labeled_batch001_003/images/batch_002_082.jpg,head_left,102.738312,D:\personal_resources\CV_research\AutoDL\train_20260501_sam_mask_soft_v2\001964\BEE24-35_002241_det00_tr0010.jpg,clear head/eye left and abdomen stripes right
183,batch_002,83,../bee_direction_labeled_batch001_003/images/batch_002_083.jpg,head_left,5.170755,D:\personal_resources\CV_research\AutoDL\train_20260501_sam_mask_soft_v2\001499\BEE24-33_003585_det39_tr0016.jpg,blurred crop; left side reads head-like
184,batch_002,84,../bee_direction_labeled_batch001_003/images/batch_002_084.jpg,head_right,-39.346138,D:\personal_resources\CV_research\AutoDL\train_20260501_sam_mask_soft_v2\000237\BEE24-18_000037_det03_tr0019.jpg,gray underside; right side has head/leg cluster
185,batch_002,85,../bee_direction_labeled_batch001_003/images/batch_002_085.jpg,unclear,46.993465,D:\personal_resources\CV_research\AutoDL\train_20260501_sam_mask_soft_v2\000538\BEE24-33_000678_det19_tr0012.jpg,curled crop; right protruding dark end likely head
186,batch_002,86,../bee_direction_labeled_batch001_003/images/batch_002_086.jpg,head_left,80.846298,D:\personal_resources\CV_research\AutoDL\train_20260501_sam_mask_soft_v2\002269\BEE24-16_000182_det12_tr0002.jpg,abdomen bands right; head opposite
187,batch_002,87,../bee_direction_labeled_batch001_003/images/batch_002_087.jpg,head_left,66.883331,D:\personal_resources\CV_research\AutoDL\train_20260501_sam_mask_soft_v2\002059\BEE24-35_003956_det02_tr0014.jpg,clear dark head left and striped abdomen right
188,batch_002,88,../bee_direction_labeled_batch001_003/images/batch_002_088.jpg,unclear,93.563492,D:\personal_resources\CV_research\AutoDL\train_20260501_sam_mask_soft_v2\001975\BEE24-35_000236_det10_tr0008.jpg,pale low-detail crop; right side tentatively head
189,batch_002,89,../bee_direction_labeled_batch001_003/images/batch_002_089.jpg,unclear,7.059245,D:\personal_resources\CV_research\AutoDL\train_20260501_sam_mask_soft_v2\001075\BEE24-33_001876_det30_tr0007.jpg,dark compact head-like feature right
190,batch_002,90,../bee_direction_labeled_batch001_003/images/batch_002_090.jpg,head_left,106.378517,D:\personal_resources\CV_research\AutoDL\train_20260501_sam_mask_soft_v2\001096\BEE24-33_001929_det30_tr0011.jpg,left small dark end likely head
191,batch_002,91,../bee_direction_labeled_batch001_003/images/batch_002_091.jpg,unclear,8.769463,D:\personal_resources\CV_research\AutoDL\train_20260501_sam_mask_soft_v2\000466\BEE24-28_000045_det11_tr0011.jpg,gray crop; right cluster of head/legs
192,batch_002,92,../bee_direction_labeled_batch001_003/images/batch_002_092.jpg,head_right,70.626823,D:\personal_resources\CV_research\AutoDL\train_20260501_sam_mask_soft_v2\000040\BEE24-06_000071_det05_tr0038.jpg,gray artifact crop; right rounded end likely head
193,batch_002,93,../bee_direction_labeled_batch001_003/images/batch_002_093.jpg,unclear,92.107269,D:\personal_resources\CV_research\AutoDL\train_20260501_sam_mask_soft_v2\000085\BEE24-10_000048_det12_tr0005.jpg,gray crop; right bulky compact side likely head
194,batch_002,94,../bee_direction_labeled_batch001_003/images/batch_002_094.jpg,head_left,80.619446,D:\personal_resources\CV_research\AutoDL\train_20260501_sam_mask_soft_v2\000326\BEE24-22_000065_det11_tr0000.jpg,left tapered protruding side likely head
195,batch_002,95,../bee_direction_labeled_batch001_003/images/batch_002_095.jpg,unclear,108.002136,D:\personal_resources\CV_research\AutoDL\train_20260501_sam_mask_soft_v2\001362\BEE24-33_002858_det32_tr0007.jpg,right dark head/leg cluster
196,batch_002,96,../bee_direction_labeled_batch001_003/images/batch_002_096.jpg,unclear,21.51988,D:\personal_resources\CV_research\AutoDL\train_20260501_sam_mask_soft_v2\000396\BEE24-25_000043_det06_tr0021.jpg,gray crop; right dark patch likely head
197,batch_002,97,../bee_direction_labeled_batch001_003/images/batch_002_097.jpg,head_left,-0.976483,D:\personal_resources\CV_research\AutoDL\train_20260501_sam_mask_soft_v2\000757\BEE24-33_000549_det45_tr0009.jpg,blurry crop; left side slightly more head-like
198,batch_002,98,../bee_direction_labeled_batch001_003/images/batch_002_098.jpg,head_left,38.16486,D:\personal_resources\CV_research\AutoDL\train_20260501_sam_mask_soft_v2\001067\BEE24-33_001844_det36_tr0009.jpg,left dark circular head/eye feature
199,batch_002,99,../bee_direction_labeled_batch001_003/images/batch_002_099.jpg,unclear,6.349833,D:\personal_resources\CV_research\AutoDL\train_20260501_sam_mask_soft_v2\000668\BEE24-33_000143_det25_tr0002.jpg,curled crop; left circular head-like feature
200,batch_002,100,../bee_direction_labeled_batch001_003/images/batch_002_100.jpg,unclear,100.887871,D:\personal_resources\CV_research\AutoDL\train_20260501_sam_mask_soft_v2\000118\BEE24-14_000123_det13_tr0027.jpg,gray crop; left protruding side likely head
201,batch_003,1,../bee_direction_labeled_batch001_003/images/batch_003_001.jpg,unclear,88.590851,D:\personal_resources\CV_research\AutoDL\train_20260501_sam_mask_soft_v2\000373\BEE24-24_000040_det10_tr0007.jpg,codex visual review: stripes mark abdomen; dark compact end marks head
202,batch_003,2,../bee_direction_labeled_batch001_003/images/batch_003_002.jpg,head_left,-4.125518,D:\personal_resources\CV_research\AutoDL\train_20260501_sam_mask_soft_v2\001498\BEE24-33_003593_det36_tr0016.jpg,codex visual review: stripes mark abdomen; dark compact end marks head
203,batch_003,3,../bee_direction_labeled_batch001_003/images/batch_003_003.jpg,head_left,-19.869116,D:\personal_resources\CV_research\AutoDL\train_20260501_sam_mask_soft_v2\000962\BEE24-33_001432_det14_tr0017.jpg,codex visual review: stripes mark abdomen; dark compact end marks head
204,batch_003,4,../bee_direction_labeled_batch001_003/images/batch_003_004.jpg,unclear,93.366409,D:\personal_resources\CV_research\AutoDL\train_20260501_sam_mask_soft_v2\000275\BEE24-20_000073_det00_tr0039.jpg,codex visual review: stripes mark abdomen; dark compact end marks head
205,batch_003,5,../bee_direction_labeled_batch001_003/images/batch_003_005.jpg,head_left,44.669163,D:\personal_resources\CV_research\AutoDL\train_20260501_sam_mask_soft_v2\000796\BEE24-33_000324_det10_tr0004.jpg,codex visual review: stripes mark abdomen; dark compact end marks head
206,batch_003,6,../bee_direction_labeled_batch001_003/images/batch_003_006.jpg,head_left,79.79483,D:\personal_resources\CV_research\AutoDL\train_20260501_sam_mask_soft_v2\000922\BEE24-33_000395_det35_tr0000.jpg,codex visual review: stripes mark abdomen; dark compact end marks head
207,batch_003,7,../bee_direction_labeled_batch001_003/images/batch_003_007.jpg,head_right,14.714677,D:\personal_resources\CV_research\AutoDL\train_20260501_sam_mask_soft_v2\001998\BEE24-35_000859_det11_tr0003.jpg,codex visual review: stripes mark abdomen; dark compact end marks head
208,batch_003,8,../bee_direction_labeled_batch001_003/images/batch_003_008.jpg,unclear,-1.54394,D:\personal_resources\CV_research\AutoDL\train_20260501_sam_mask_soft_v2\000757\BEE24-33_000550_det45_tr0010.jpg,codex visual review: stripes mark abdomen; dark compact end marks head
209,batch_003,9,../bee_direction_labeled_batch001_003/images/batch_003_009.jpg,unclear,94.293343,D:\personal_resources\CV_research\AutoDL\train_20260501_sam_mask_soft_v2\000306\BEE24-22_000057_det00_tr0033.jpg,codex visual review: stripes mark abdomen; dark compact end marks head
210,batch_003,10,../bee_direction_labeled_batch001_003/images/batch_003_010.jpg,unclear,106.92807,D:\personal_resources\CV_research\AutoDL\train_20260501_sam_mask_soft_v2\001405\BEE24-33_003110_det32_tr0011.jpg,codex visual review: stripes mark abdomen; dark compact end marks head
211,batch_003,11,../bee_direction_labeled_batch001_003/images/batch_003_011.jpg,unclear,-35.614662,D:\personal_resources\CV_research\AutoDL\train_20260501_sam_mask_soft_v2\000036\BEE24-06_000029_det01_tr0015.jpg,codex visual review: not recognizable enough; left blank
212,batch_003,12,../bee_direction_labeled_batch001_003/images/batch_003_012.jpg,unclear,96.584145,D:\personal_resources\CV_research\AutoDL\train_20260501_sam_mask_soft_v2\001596\BEE24-33_004323_det32_tr0023.jpg,codex visual review: stripes mark abdomen; dark compact end marks head
213,batch_003,13,../bee_direction_labeled_batch001_003/images/batch_003_013.jpg,head_left,95.598564,D:\personal_resources\CV_research\AutoDL\train_20260501_sam_mask_soft_v2\000751\BEE24-33_000559_det34_tr0011.jpg,codex visual review: stripes mark abdomen; dark compact end marks head
214,batch_003,14,../bee_direction_labeled_batch001_003/images/batch_003_014.jpg,head_left,0.682101,D:\personal_resources\CV_research\AutoDL\train_20260501_sam_mask_soft_v2\001731\BEE24-33_004814_det39_tr0015.jpg,codex visual review: stripes mark abdomen; dark compact end marks head
215,batch_003,15,../bee_direction_labeled_batch001_003/images/batch_003_015.jpg,head_left,95.081268,D:\personal_resources\CV_research\AutoDL\train_20260501_sam_mask_soft_v2\002237\BEE24-16_000057_det01_tr0008.jpg,codex visual review: stripes mark abdomen; dark compact end marks head
216,batch_003,16,../bee_direction_labeled_batch001_003/images/batch_003_016.jpg,head_right,68.708809,D:\personal_resources\CV_research\AutoDL\train_20260501_sam_mask_soft_v2\000709\BEE24-33_000526_det36_tr0012.jpg,codex visual review: stripes mark abdomen; dark compact end marks head
217,batch_003,17,../bee_direction_labeled_batch001_003/images/batch_003_017.jpg,unclear,82.670418,D:\personal_resources\CV_research\AutoDL\train_20260501_sam_mask_soft_v2\000008\BEE24-01_000035_det05_tr0005.jpg,codex visual review: stripes mark abdomen; dark compact end marks head
218,batch_003,18,../bee_direction_labeled_batch001_003/images/batch_003_018.jpg,unclear,65.845825,D:\personal_resources\CV_research\AutoDL\train_20260501_sam_mask_soft_v2\001637\BEE24-33_004471_det28_tr0014.jpg,codex visual review: stripes mark abdomen; dark compact end marks head
219,batch_003,19,../bee_direction_labeled_batch001_003/images/batch_003_019.jpg,unclear,77.037231,D:\personal_resources\CV_research\AutoDL\train_20260501_sam_mask_soft_v2\000868\BEE24-33_000349_det31_tr0003.jpg,codex visual review: not recognizable enough; left blank
220,batch_003,20,../bee_direction_labeled_batch001_003/images/batch_003_020.jpg,head_right,-11.941133,D:\personal_resources\CV_research\AutoDL\train_20260501_sam_mask_soft_v2\000608\BEE24-33_000091_det23_tr0005.jpg,codex visual review: stripes mark abdomen; dark compact end marks head
221,batch_003,21,../bee_direction_labeled_batch001_003/images/batch_003_021.jpg,unclear,62.157063,D:\personal_resources\CV_research\AutoDL\train_20260501_sam_mask_soft_v2\001071\BEE24-33_001877_det25_tr0021.jpg,codex visual review: stripes mark abdomen; dark compact end marks head
222,batch_003,22,../bee_direction_labeled_batch001_003/images/batch_003_022.jpg,head_right,17.140041,D:\personal_resources\CV_research\AutoDL\train_20260501_sam_mask_soft_v2\000617\BEE24-33_000945_det06_tr0008.jpg,codex visual review: stripes mark abdomen; dark compact end marks head
223,batch_003,23,../bee_direction_labeled_batch001_003/images/batch_003_023.jpg,head_left,66.553955,D:\personal_resources\CV_research\AutoDL\train_20260501_sam_mask_soft_v2\001568\BEE24-33_004191_det23_tr0020.jpg,codex visual review: stripes mark abdomen; dark compact end marks head
224,batch_003,24,../bee_direction_labeled_batch001_003/images/batch_003_024.jpg,unclear,81.391502,D:\personal_resources\CV_research\AutoDL\train_20260501_sam_mask_soft_v2\000251\BEE24-18_000050_det11_tr0019.jpg,codex visual review: stripes mark abdomen; dark compact end marks head
225,batch_003,25,../bee_direction_labeled_batch001_003/images/batch_003_025.jpg,unclear,77.841576,D:\personal_resources\CV_research\AutoDL\train_20260501_sam_mask_soft_v2\000023\BEE24-04_000034_det00_tr0024.jpg,codex visual review: stripes mark abdomen; dark compact end marks head
226,batch_003,26,../bee_direction_labeled_batch001_003/images/batch_003_026.jpg,head_left,66.975731,D:\personal_resources\CV_research\AutoDL\train_20260501_sam_mask_soft_v2\001297\BEE24-33_003530_det03_tr0018.jpg,codex visual review: stripes mark abdomen; dark compact end marks head
227,batch_003,27,../bee_direction_labeled_batch001_003/images/batch_003_027.jpg,unclear,76.892563,D:\personal_resources\CV_research\AutoDL\train_20260501_sam_mask_soft_v2\000204\BEE24-15_000183_det10_tr0007.jpg,codex visual review: stripes mark abdomen; dark compact end marks head
228,batch_003,28,../bee_direction_labeled_batch001_003/images/batch_003_028.jpg,head_left,64.009895,D:\personal_resources\CV_research\AutoDL\train_20260501_sam_mask_soft_v2\000922\BEE24-33_001165_det40_tr0013.jpg,codex visual review: not recognizable enough; left blank
229,batch_003,29,../bee_direction_labeled_batch001_003/images/batch_003_029.jpg,head_left,84.215012,D:\personal_resources\CV_research\AutoDL\train_20260501_sam_mask_soft_v2\002269\BEE24-16_000180_det13_tr0000.jpg,codex visual review: stripes mark abdomen; dark compact end marks head
230,batch_003,30,../bee_direction_labeled_batch001_003/images/batch_003_030.jpg,head_right,15.548071,D:\personal_resources\CV_research\AutoDL\train_20260501_sam_mask_soft_v2\002075\BEE24-35_002666_det07_tr0007.jpg,codex visual review: stripes mark abdomen; dark compact end marks head
231,batch_003,31,../bee_direction_labeled_batch001_003/images/batch_003_031.jpg,unclear,80.167618,D:\personal_resources\CV_research\AutoDL\train_20260501_sam_mask_soft_v2\001275\BEE24-33_002586_det38_tr0003.jpg,codex visual review: stripes mark abdomen; dark compact end marks head
232,batch_003,32,../bee_direction_labeled_batch001_003/images/batch_003_032.jpg,unclear,123.071297,D:\personal_resources\CV_research\AutoDL\train_20260501_sam_mask_soft_v2\001527\BEE24-33_003716_det40_tr0000.jpg,codex visual review: stripes mark abdomen; dark compact end marks head
233,batch_003,33,../bee_direction_labeled_batch001_003/images/batch_003_033.jpg,head_left,78.001694,D:\personal_resources\CV_research\AutoDL\train_20260501_sam_mask_soft_v2\002059\BEE24-35_002913_det02_tr0005.jpg,codex visual review: stripes mark abdomen; dark compact end marks head
234,batch_003,34,../bee_direction_labeled_batch001_003/images/batch_003_034.jpg,head_left,110.697899,D:\personal_resources\CV_research\AutoDL\train_20260501_sam_mask_soft_v2\000589\BEE24-33_000723_det27_tr0012.jpg,codex visual review: stripes mark abdomen; dark compact end marks head
235,batch_003,35,../bee_direction_labeled_batch001_003/images/batch_003_035.jpg,head_right,-9.807534,D:\personal_resources\CV_research\AutoDL\train_20260501_sam_mask_soft_v2\000649\BEE24-33_000801_det34_tr0015.jpg,codex visual review: stripes mark abdomen; dark compact end marks head
236,batch_003,36,../bee_direction_labeled_batch001_003/images/batch_003_036.jpg,head_left,80.77404,D:\personal_resources\CV_research\AutoDL\train_20260501_sam_mask_soft_v2\001868\BEE24-33_002132_det17_tr0023.jpg,codex visual review: stripes mark abdomen; dark compact end marks head
237,batch_003,37,../bee_direction_labeled_batch001_003/images/batch_003_037.jpg,head_left,58.307068,D:\personal_resources\CV_research\AutoDL\train_20260501_sam_mask_soft_v2\001268\BEE24-33_002561_det32_tr0003.jpg,codex visual review: stripes mark abdomen; dark compact end marks head
238,batch_003,38,../bee_direction_labeled_batch001_003/images/batch_003_038.jpg,head_right,16.119158,D:\personal_resources\CV_research\AutoDL\train_20260501_sam_mask_soft_v2\002191\BEE24-35_004963_det09_tr0014.jpg,codex visual review: stripes mark abdomen; dark compact end marks head
239,batch_003,39,../bee_direction_labeled_batch001_003/images/batch_003_039.jpg,head_right,76.520111,D:\personal_resources\CV_research\AutoDL\train_20260501_sam_mask_soft_v2\002079\BEE24-35_002753_det05_tr0005.jpg,codex visual review: stripes mark abdomen; dark compact end marks head
240,batch_003,40,../bee_direction_labeled_batch001_003/images/batch_003_040.jpg,unclear,30.936787,D:\personal_resources\CV_research\AutoDL\train_20260501_sam_mask_soft_v2\001698\BEE24-33_004687_det35_tr0001.jpg,codex visual review: stripes mark abdomen; dark compact end marks head
241,batch_003,41,../bee_direction_labeled_batch001_003/images/batch_003_041.jpg,unclear,10.013761,D:\personal_resources\CV_research\AutoDL\train_20260501_sam_mask_soft_v2\001781\BEE24-33_004985_det36_tr0009.jpg,codex visual review: stripes mark abdomen; dark compact end marks head
242,batch_003,42,../bee_direction_labeled_batch001_003/images/batch_003_042.jpg,head_left,-6.211175,D:\personal_resources\CV_research\AutoDL\train_20260501_sam_mask_soft_v2\001357\BEE24-33_002866_det25_tr0012.jpg,codex visual review: stripes mark abdomen; dark compact end marks head
243,batch_003,43,../bee_direction_labeled_batch001_003/images/batch_003_043.jpg,unclear,20.923971,D:\personal_resources\CV_research\AutoDL\train_20260501_sam_mask_soft_v2\000754\BEE24-33_000554_det36_tr0002.jpg,codex visual review: stripes mark abdomen; dark compact end marks head
244,batch_003,44,../bee_direction_labeled_batch001_003/images/batch_003_044.jpg,head_right,-7.301369,D:\personal_resources\CV_research\AutoDL\train_20260501_sam_mask_soft_v2\002194\BEE24-13_000048_det00_tr0007.jpg,codex visual review: stripes mark abdomen; dark compact end marks head
245,batch_003,45,../bee_direction_labeled_batch001_003/images/batch_003_045.jpg,unclear,-35.859589,D:\personal_resources\CV_research\AutoDL\train_20260501_sam_mask_soft_v2\001391\BEE24-33_002974_det38_tr0005.jpg,codex visual review: not recognizable enough; left blank
246,batch_003,46,../bee_direction_labeled_batch001_003/images/batch_003_046.jpg,unclear,-20.56831,D:\personal_resources\CV_research\AutoDL\train_20260501_sam_mask_soft_v2\000860\BEE24-33_000351_det26_tr0006.jpg,codex visual review: not recognizable enough; left blank
247,batch_003,47,../bee_direction_labeled_batch001_003/images/batch_003_047.jpg,head_right,-37.257912,D:\personal_resources\CV_research\AutoDL\train_20260501_sam_mask_soft_v2\002264\BEE24-16_000159_det11_tr0013.jpg,codex visual review: stripes mark abdomen; dark compact end marks head
248,batch_003,48,../bee_direction_labeled_batch001_003/images/batch_003_048.jpg,head_left,-21.135529,D:\personal_resources\CV_research\AutoDL\train_20260501_sam_mask_soft_v2\000405\BEE24-26_000031_det01_tr0024.jpg,codex visual review: stripes mark abdomen; dark compact end marks head
249,batch_003,49,../bee_direction_labeled_batch001_003/images/batch_003_049.jpg,head_left,69.674774,D:\personal_resources\CV_research\AutoDL\train_20260501_sam_mask_soft_v2\002211\BEE24-13_000039_det17_tr0007.jpg,codex visual review: stripes mark abdomen; dark compact end marks head
250,batch_003,50,../bee_direction_labeled_batch001_003/images/batch_003_050.jpg,head_left,-43.587677,D:\personal_resources\CV_research\AutoDL\train_20260501_sam_mask_soft_v2\001318\BEE24-33_002975_det10_tr0011.jpg,codex visual review: stripes mark abdomen; dark compact end marks head
251,batch_003,51,../bee_direction_labeled_batch001_003/images/batch_003_051.jpg,unclear,-29.884638,D:\personal_resources\CV_research\AutoDL\train_20260501_sam_mask_soft_v2\001405\BEE24-33_003125_det31_tr0015.jpg,codex visual review: stripes mark abdomen; dark compact end marks head
252,batch_003,52,../bee_direction_labeled_batch001_003/images/batch_003_052.jpg,unclear,20.287971,D:\personal_resources\CV_research\AutoDL\train_20260501_sam_mask_soft_v2\000649\BEE24-33_000494_det35_tr0003.jpg,codex visual review: stripes mark abdomen; dark compact end marks head
253,batch_003,53,../bee_direction_labeled_batch001_003/images/batch_003_053.jpg,head_right,3.885927,D:\personal_resources\CV_research\AutoDL\train_20260501_sam_mask_soft_v2\000649\BEE24-33_000501_det31_tr0004.jpg,codex visual review: stripes mark abdomen; dark compact end marks head
254,batch_003,54,../bee_direction_labeled_batch001_003/images/batch_003_054.jpg,head_left,90.628204,D:\personal_resources\CV_research\AutoDL\train_20260501_sam_mask_soft_v2\001876\BEE24-33_002461_det23_tr0004.jpg,codex visual review: stripes mark abdomen; dark compact end marks head
255,batch_003,55,../bee_direction_labeled_batch001_003/images/batch_003_055.jpg,head_left,115.248169,D:\personal_resources\CV_research\AutoDL\train_20260501_sam_mask_soft_v2\000819\BEE24-33_000287_det28_tr0003.jpg,codex visual review: stripes mark abdomen; dark compact end marks head
256,batch_003,56,../bee_direction_labeled_batch001_003/images/batch_003_056.jpg,unclear,107.327591,D:\personal_resources\CV_research\AutoDL\train_20260501_sam_mask_soft_v2\000036\BEE24-06_000068_det01_tr0036.jpg,codex visual review: stripes mark abdomen; dark compact end marks head
257,batch_003,57,../bee_direction_labeled_batch001_003/images/batch_003_057.jpg,head_left,-17.661428,D:\personal_resources\CV_research\AutoDL\train_20260501_sam_mask_soft_v2\001710\BEE24-33_004711_det40_tr0016.jpg,codex visual review: stripes mark abdomen; dark compact end marks head
258,batch_003,58,../bee_direction_labeled_batch001_003/images/batch_003_058.jpg,head_left,48.612961,D:\personal_resources\CV_research\AutoDL\train_20260501_sam_mask_soft_v2\002001\BEE24-35_000956_det11_tr0007.jpg,codex visual review: stripes mark abdomen; dark compact end marks head
259,batch_003,59,../bee_direction_labeled_batch001_003/images/batch_003_059.jpg,head_right,16.608864,D:\personal_resources\CV_research\AutoDL\train_20260501_sam_mask_soft_v2\001133\BEE24-33_002070_det26_tr0007.jpg,codex visual review: stripes mark abdomen; dark compact end marks head
260,batch_003,60,../bee_direction_labeled_batch001_003/images/batch_003_060.jpg,head_left,12.08036,D:\personal_resources\CV_research\AutoDL\train_20260501_sam_mask_soft_v2\000518\BEE24-33_000589_det40_tr0009.jpg,codex visual review: stripes mark abdomen; dark compact end marks head
261,batch_003,61,../bee_direction_labeled_batch001_003/images/batch_003_061.jpg,unclear,124.749313,D:\personal_resources\CV_research\AutoDL\train_20260501_sam_mask_soft_v2\001191\BEE24-33_002366_det22_tr0016.jpg,codex visual review: stripes mark abdomen; dark compact end marks head
262,batch_003,62,../bee_direction_labeled_batch001_003/images/batch_003_062.jpg,head_left,89.22464,D:\personal_resources\CV_research\AutoDL\train_20260501_sam_mask_soft_v2\000242\BEE24-18_000020_det07_tr0010.jpg,codex visual review: stripes mark abdomen; dark compact end marks head
263,batch_003,63,../bee_direction_labeled_batch001_003/images/batch_003_063.jpg,unclear,87.283867,D:\personal_resources\CV_research\AutoDL\train_20260501_sam_mask_soft_v2\000315\BEE24-22_000020_det08_tr0010.jpg,codex visual review: stripes mark abdomen; dark compact end marks head
264,batch_003,64,../bee_direction_labeled_batch001_003/images/batch_003_064.jpg,unclear,58.02932,D:\personal_resources\CV_research\AutoDL\train_20260501_sam_mask_soft_v2\000871\BEE24-33_001096_det34_tr0010.jpg,codex visual review: stripes mark abdomen; dark compact end marks head
265,batch_003,65,../bee_direction_labeled_batch001_003/images/batch_003_065.jpg,unclear,19.522049,D:\personal_resources\CV_research\AutoDL\train_20260501_sam_mask_soft_v2\000229\BEE24-17_000061_det04_tr0011.jpg,codex visual review: not recognizable enough; left blank
266,batch_003,66,../bee_direction_labeled_batch001_003/images/batch_003_066.jpg,head_right,29.271717,D:\personal_resources\CV_research\AutoDL\train_20260501_sam_mask_soft_v2\000821\BEE24-33_000354_det12_tr0010.jpg,codex visual review: stripes mark abdomen; dark compact end marks head
267,batch_003,67,../bee_direction_labeled_batch001_003/images/batch_003_067.jpg,head_right,24.387413,D:\personal_resources\CV_research\AutoDL\train_20260501_sam_mask_soft_v2\002170\BEE24-35_004390_det09_tr0004.jpg,codex visual review: stripes mark abdomen; dark compact end marks head
268,batch_003,68,../bee_direction_labeled_batch001_003/images/batch_003_068.jpg,unclear,72.09478,D:\personal_resources\CV_research\AutoDL\train_20260501_sam_mask_soft_v2\001009\BEE24-33_001466_det28_tr0008.jpg,codex visual review: stripes mark abdomen; dark compact end marks head
269,batch_003,69,../bee_direction_labeled_batch001_003/images/batch_003_069.jpg,head_left,95.662453,D:\personal_resources\CV_research\AutoDL\train_20260501_sam_mask_soft_v2\001667\BEE24-33_004576_det33_tr0004.jpg,codex visual review: stripes mark abdomen; dark compact end marks head
270,batch_003,70,../bee_direction_labeled_batch001_003/images/batch_003_070.jpg,unclear,74.163719,D:\personal_resources\CV_research\AutoDL\train_20260501_sam_mask_soft_v2\000381\BEE24-24_000068_det10_tr0003.jpg,codex visual review: stripes mark abdomen; dark compact end marks head
271,batch_003,71,../bee_direction_labeled_batch001_003/images/batch_003_071.jpg,unclear,7.188299,D:\personal_resources\CV_research\AutoDL\train_20260501_sam_mask_soft_v2\000809\BEE24-33_001035_det33_tr0014.jpg,codex visual review: stripes mark abdomen; dark compact end marks head
272,batch_003,72,../bee_direction_labeled_batch001_003/images/batch_003_072.jpg,unclear,-19.491634,D:\personal_resources\CV_research\AutoDL\train_20260501_sam_mask_soft_v2\000662\BEE24-33_000501_det37_tr0015.jpg,codex visual review: not recognizable enough; left blank
273,batch_003,73,../bee_direction_labeled_batch001_003/images/batch_003_073.jpg,unclear,126.206154,D:\personal_resources\CV_research\AutoDL\train_20260501_sam_mask_soft_v2\000972\BEE24-33_001313_det40_tr0001.jpg,codex visual review: stripes mark abdomen; dark compact end marks head
274,batch_003,74,../bee_direction_labeled_batch001_003/images/batch_003_074.jpg,unclear,25.475719,D:\personal_resources\CV_research\AutoDL\train_20260501_sam_mask_soft_v2\001741\BEE24-33_004863_det37_tr0009.jpg,codex visual review: stripes mark abdomen; dark compact end marks head
275,batch_003,75,../bee_direction_labeled_batch001_003/images/batch_003_075.jpg,head_right,127.690842,D:\personal_resources\CV_research\AutoDL\train_20260501_sam_mask_soft_v2\000529\BEE24-33_000023_det13_tr0000.jpg,codex visual review: stripes mark abdomen; dark compact end marks head
276,batch_003,76,../bee_direction_labeled_batch001_003/images/batch_003_076.jpg,head_left,-10.973587,D:\personal_resources\CV_research\AutoDL\train_20260501_sam_mask_soft_v2\001543\BEE24-33_004003_det38_tr0020.jpg,codex visual review: not recognizable enough; left blank
277,batch_003,77,../bee_direction_labeled_batch001_003/images/batch_003_077.jpg,head_right,61.68597,D:\personal_resources\CV_research\AutoDL\train_20260501_sam_mask_soft_v2\001783\BEE24-33_004991_det38_tr0001.jpg,codex visual review: stripes mark abdomen; dark compact end marks head
278,batch_003,78,../bee_direction_labeled_batch001_003/images/batch_003_078.jpg,head_right,101.972542,D:\personal_resources\CV_research\AutoDL\train_20260501_sam_mask_soft_v2\002201\BEE24-13_000179_det04_tr0027.jpg,codex visual review: stripes mark abdomen; dark compact end marks head
279,batch_003,79,../bee_direction_labeled_batch001_003/images/batch_003_079.jpg,head_right,5.857285,D:\personal_resources\CV_research\AutoDL\train_20260501_sam_mask_soft_v2\001152\BEE24-33_002182_det24_tr0004.jpg,codex visual review: stripes mark abdomen; dark compact end marks head
280,batch_003,80,../bee_direction_labeled_batch001_003/images/batch_003_080.jpg,head_right,-8.708467,D:\personal_resources\CV_research\AutoDL\train_20260501_sam_mask_soft_v2\000004\BEE24-01_000028_det03_tr0014.jpg,codex visual review: stripes mark abdomen; dark compact end marks head
281,batch_003,81,../bee_direction_labeled_batch001_003/images/batch_003_081.jpg,unclear,41.727982,D:\personal_resources\CV_research\AutoDL\train_20260501_sam_mask_soft_v2\001589\BEE24-33_004268_det32_tr0012.jpg,codex visual review: not recognizable enough; left blank
282,batch_003,82,../bee_direction_labeled_batch001_003/images/batch_003_082.jpg,unclear,46.593689,D:\personal_resources\CV_research\AutoDL\train_20260501_sam_mask_soft_v2\001762\BEE24-33_004913_det38_tr0000.jpg,codex visual review: stripes mark abdomen; dark compact end marks head
283,batch_003,83,../bee_direction_labeled_batch001_003/images/batch_003_083.jpg,unclear,-1.060651,D:\personal_resources\CV_research\AutoDL\train_20260501_sam_mask_soft_v2\001262\BEE24-33_002532_det34_tr0002.jpg,codex visual review: not recognizable enough; left blank
284,batch_003,84,../bee_direction_labeled_batch001_003/images/batch_003_084.jpg,head_left,94.236481,D:\personal_resources\CV_research\AutoDL\train_20260501_sam_mask_soft_v2\000403\BEE24-26_000005_det01_tr0003.jpg,codex visual review: stripes mark abdomen; dark compact end marks head
285,batch_003,85,../bee_direction_labeled_batch001_003/images/batch_003_085.jpg,unclear,-28.293062,D:\personal_resources\CV_research\AutoDL\train_20260501_sam_mask_soft_v2\000713\BEE24-33_000175_det35_tr0000.jpg,codex visual review: stripes mark abdomen; dark compact end marks head
286,batch_003,86,../bee_direction_labeled_batch001_003/images/batch_003_086.jpg,head_left,39.393856,D:\personal_resources\CV_research\AutoDL\train_20260501_sam_mask_soft_v2\000332\BEE24-23_000064_det00_tr0034.jpg,codex visual review: stripes mark abdomen; dark compact end marks head
287,batch_003,87,../bee_direction_labeled_batch001_003/images/batch_003_087.jpg,unclear,5.927238,D:\personal_resources\CV_research\AutoDL\train_20260501_sam_mask_soft_v2\000037\BEE24-06_000034_det02_tr0017.jpg,codex visual review: stripes mark abdomen; dark compact end marks head
288,batch_003,88,../bee_direction_labeled_batch001_003/images/batch_003_088.jpg,unclear,-20.787298,D:\personal_resources\CV_research\AutoDL\train_20260501_sam_mask_soft_v2\001371\BEE24-33_002888_det34_tr0012.jpg,codex visual review: stripes mark abdomen; dark compact end marks head
289,batch_003,89,../bee_direction_labeled_batch001_003/images/batch_003_089.jpg,unclear,76.629189,D:\personal_resources\CV_research\AutoDL\train_20260501_sam_mask_soft_v2\000908\BEE24-33_001136_det40_tr0004.jpg,codex visual review: stripes mark abdomen; dark compact end marks head
290,batch_003,90,../bee_direction_labeled_batch001_003/images/batch_003_090.jpg,unclear,5.676987,D:\personal_resources\CV_research\AutoDL\train_20260501_sam_mask_soft_v2\000443\BEE24-27_000056_det09_tr0020.jpg,codex visual review: stripes mark abdomen; dark compact end marks head
291,batch_003,91,../bee_direction_labeled_batch001_003/images/batch_003_091.jpg,head_left,70.903816,D:\personal_resources\CV_research\AutoDL\train_20260501_sam_mask_soft_v2\000097\BEE24-11_000013_det02_tr0009.jpg,codex visual review: stripes mark abdomen; dark compact end marks head
292,batch_003,92,../bee_direction_labeled_batch001_003/images/batch_003_092.jpg,head_right,54.026386,D:\personal_resources\CV_research\AutoDL\train_20260501_sam_mask_soft_v2\002022\BEE24-35_001429_det10_tr0005.jpg,codex visual review: stripes mark abdomen; dark compact end marks head
293,batch_003,93,../bee_direction_labeled_batch001_003/images/batch_003_093.jpg,head_right,18.10191,D:\personal_resources\CV_research\AutoDL\train_20260501_sam_mask_soft_v2\001199\BEE24-33_002411_det22_tr0018.jpg,codex visual review: stripes mark abdomen; dark compact end marks head
294,batch_003,94,../bee_direction_labeled_batch001_003/images/batch_003_094.jpg,head_left,14.408337,D:\personal_resources\CV_research\AutoDL\train_20260501_sam_mask_soft_v2\001033\BEE24-33_001785_det25_tr0007.jpg,codex visual review: stripes mark abdomen; dark compact end marks head
295,batch_003,95,../bee_direction_labeled_batch001_003/images/batch_003_095.jpg,unclear,36.42308,D:\personal_resources\CV_research\AutoDL\train_20260501_sam_mask_soft_v2\001520\BEE24-33_003803_det27_tr0021.jpg,codex visual review: stripes mark abdomen; dark compact end marks head
296,batch_003,96,../bee_direction_labeled_batch001_003/images/batch_003_096.jpg,unclear,91.814819,D:\personal_resources\CV_research\AutoDL\train_20260501_sam_mask_soft_v2\001470\BEE24-33_003460_det28_tr0021.jpg,codex visual review: stripes mark abdomen; dark compact end marks head
297,batch_003,97,../bee_direction_labeled_batch001_003/images/batch_003_097.jpg,unclear,-6.641386,D:\personal_resources\CV_research\AutoDL\train_20260501_sam_mask_soft_v2\001348\BEE24-33_002806_det30_tr0011.jpg,codex visual review: not recognizable enough; left blank
298,batch_003,98,../bee_direction_labeled_batch001_003/images/batch_003_098.jpg,unclear,123.222946,D:\personal_resources\CV_research\AutoDL\train_20260501_sam_mask_soft_v2\000990\BEE24-33_001548_det04_tr0017.jpg,codex visual review: stripes mark abdomen; dark compact end marks head
299,batch_003,99,../bee_direction_labeled_batch001_003/images/batch_003_099.jpg,head_left,25.66341,D:\personal_resources\CV_research\AutoDL\train_20260501_sam_mask_soft_v2\002238\BEE24-16_000088_det02_tr0013.jpg,codex visual review: stripes mark abdomen; dark compact end marks head
300,batch_003,100,../bee_direction_labeled_batch001_003/images/batch_003_100.jpg,head_right,-8.004136,D:\personal_resources\CV_research\AutoDL\train_20260501_sam_mask_soft_v2\000243\BEE24-18_000019_det08_tr0014.jpg,codex visual review: stripes mark abdomen; dark compact end marks head
301,batch_004,1,../bee_direction_labeled_batch004_200/images/batch_004_001.jpg,head_left,48.716290,/root/autodl-tmp/bee_track/deep_sort_pytorch/deep_sort/deep/data/train_20260501_sam_mask_soft_v2/002040/BEE24-35_001886_det10_tr0003.jpg,auto_high_conf_binary_resnet_clear; confidence=0.989586; left_prob=0.989586; right_prob=0.010414; quality=0.996072; mean_gray=121.01; std_gray=47.49; mean_sat=86.06; area=0.2197
302,batch_004,2,../bee_direction_labeled_batch004_200/images/batch_004_002.jpg,head_left,71.444092,/root/autodl-tmp/bee_track/deep_sort_pytorch/deep_sort/deep/data/train_20260501_sam_mask_soft_v2/002127/BEE24-35_003679_det10_tr0003.jpg,auto_high_conf_binary_resnet_clear; confidence=0.987642; left_prob=0.987642; right_prob=0.012358; quality=0.991998; mean_gray=117.01; std_gray=49.42; mean_sat=99.56; area=0.2317
303,batch_004,3,../bee_direction_labeled_batch004_200/images/batch_004_003.jpg,head_left,64.839104,/root/autodl-tmp/bee_track/deep_sort_pytorch/deep_sort/deep/data/train_20260501_sam_mask_soft_v2/001991/BEE24-35_000748_det10_tr0001.jpg,auto_high_conf_binary_resnet_clear; confidence=0.999328; left_prob=0.999328; right_prob=0.000673; quality=0.975476; mean_gray=119.00; std_gray=45.87; mean_sat=87.34; area=0.2332
304,batch_004,4,../bee_direction_labeled_batch004_200/images/batch_004_004.jpg,head_left,113.002457,/root/autodl-tmp/bee_track/deep_sort_pytorch/deep_sort/deep/data/train_20260501_sam_mask_soft_v2/001992/BEE24-35_000801_det08_tr0008.jpg,auto_high_conf_binary_resnet_clear; confidence=0.988366; left_prob=0.988366; right_prob=0.011634; quality=0.977461; mean_gray=109.63; std_gray=49.38; mean_sat=103.28; area=0.2359
305,batch_004,5,../bee_direction_labeled_batch004_200/images/batch_004_005.jpg,head_left,19.736761,/root/autodl-tmp/bee_track/deep_sort_pytorch/deep_sort/deep/data/train_20260501_sam_mask_soft_v2/001996/BEE24-35_000864_det09_tr0010.jpg,auto_high_conf_binary_resnet_clear; confidence=0.995939; left_prob=0.995939; right_prob=0.004061; quality=0.965186; mean_gray=128.49; std_gray=52.98; mean_sat=75.19; area=0.2490
306,batch_004,6,../bee_direction_labeled_batch004_200/images/batch_004_006.jpg,head_left,93.229439,/root/autodl-tmp/bee_track/deep_sort_pytorch/deep_sort/deep/data/train_20260501_sam_mask_soft_v2/002042/BEE24-35_001904_det09_tr0000.jpg,auto_high_conf_binary_resnet_clear; confidence=0.996567; left_prob=0.996567; right_prob=0.003433; quality=0.962441; mean_gray=107.94; std_gray=48.47; mean_sat=88.33; area=0.2526
307,batch_004,7,../bee_direction_labeled_batch004_200/images/batch_004_007.jpg,head_left,80.293839,/root/autodl-tmp/bee_track/deep_sort_pytorch/deep_sort/deep/data/train_20260501_sam_mask_soft_v2/002086/BEE24-35_002861_det09_tr0001.jpg,auto_high_conf_binary_resnet_clear; confidence=0.992677; left_prob=0.992677; right_prob=0.007323; quality=0.966520; mean_gray=106.35; std_gray=46.92; mean_sat=100.84; area=0.2300
308,batch_004,8,../bee_direction_labeled_batch004_200/images/batch_004_008.jpg,head_left,45.693237,/root/autodl-tmp/bee_track/deep_sort_pytorch/deep_sort/deep/data/train_20260501_sam_mask_soft_v2/002107/BEE24-35_003263_det09_tr0008.jpg,auto_high_conf_binary_resnet_clear; confidence=0.988271; left_prob=0.988271; right_prob=0.011729; quality=0.964296; mean_gray=129.21; std_gray=54.38; mean_sat=82.14; area=0.2724
309,batch_004,9,../bee_direction_labeled_batch004_200/images/batch_004_009.jpg,head_left,52.471973,/root/autodl-tmp/bee_track/deep_sort_pytorch/deep_sort/deep/data/train_20260501_sam_mask_soft_v2/002183/BEE24-35_004689_det09_tr0007.jpg,auto_high_conf_binary_resnet_clear; confidence=0.985921; left_prob=0.985921; right_prob=0.014079; quality=0.964388; mean_gray=115.52; std_gray=47.85; mean_sat=77.34; area=0.2584
310,batch_004,10,../bee_direction_labeled_batch004_200/images/batch_004_010.jpg,head_left,48.269482,/root/autodl-tmp/bee_track/deep_sort_pytorch/deep_sort/deep/data/train_20260501_sam_mask_soft_v2/001999/BEE24-35_000954_det10_tr0011.jpg,auto_high_conf_binary_resnet_clear; confidence=0.992974; left_prob=0.992974; right_prob=0.007026; quality=0.952687; mean_gray=118.18; std_gray=52.73; mean_sat=95.57; area=0.2894
311,batch_004,11,../bee_direction_labeled_batch004_200/images/batch_004_011.jpg,head_left,59.520710,/root/autodl-tmp/bee_track/deep_sort_pytorch/deep_sort/deep/data/train_20260501_sam_mask_soft_v2/002169/BEE24-35_004383_det09_tr0003.jpg,auto_high_conf_binary_resnet_clear; confidence=0.979196; left_prob=0.979196; right_prob=0.020804; quality=0.960879; mean_gray=112.69; std_gray=45.52; mean_sat=111.08; area=0.1965
312,batch_004,12,../bee_direction_labeled_batch004_200/images/batch_004_012.jpg,head_left,65.894913,/root/autodl-tmp/bee_track/deep_sort_pytorch/deep_sort/deep/data/train_20260501_sam_mask_soft_v2/002164/BEE24-35_004272_det09_tr0007.jpg,auto_high_conf_binary_resnet_clear; confidence=0.990631; left_prob=0.990631; right_prob=0.009369; quality=0.945792; mean_gray=99.86; std_gray=47.48; mean_sat=94.42; area=0.2457
313,batch_004,13,../bee_direction_labeled_batch004_200/images/batch_004_013.jpg,head_left,53.725433,/root/autodl-tmp/bee_track/deep_sort_pytorch/deep_sort/deep/data/train_20260501_sam_mask_soft_v2/002036/BEE24-35_001822_det09_tr0007.jpg,auto_high_conf_binary_resnet_clear; confidence=0.976578; left_prob=0.976578; right_prob=0.023422; quality=0.961420; mean_gray=111.14; std_gray=50.16; mean_sat=102.23; area=0.2643
314,batch_004,14,../bee_direction_labeled_batch004_200/images/batch_004_014.jpg,head_left,71.636414,/root/autodl-tmp/bee_track/deep_sort_pytorch/deep_sort/deep/data/train_20260501_sam_mask_soft_v2/002161/BEE24-35_004241_det07_tr0003.jpg,auto_high_conf_binary_resnet_clear; confidence=0.996113; left_prob=0.996113; right_prob=0.003887; quality=0.937346; mean_gray=100.72; std_gray=46.19; mean_sat=92.13; area=0.2470
315,batch_004,15,../bee_direction_labeled_batch004_200/images/batch_004_015.jpg,head_left,87.659058,/root/autodl-tmp/bee_track/deep_sort_pytorch/deep_sort/deep/data/train_20260501_sam_mask_soft_v2/002016/BEE24-35_001331_det08_tr0007.jpg,auto_high_conf_binary_resnet_clear; confidence=0.993867; left_prob=0.993867; right_prob=0.006133; quality=0.939044; mean_gray=114.18; std_gray=46.64; mean_sat=91.18; area=0.2923
316,batch_004,16,../bee_direction_labeled_batch004_200/images/batch_004_016.jpg,head_left,88.592056,/root/autodl-tmp/bee_track/deep_sort_pytorch/deep_sort/deep/data/train_20260501_sam_mask_soft_v2/002153/BEE24-35_004125_det09_tr0016.jpg,auto_high_conf_binary_resnet_clear; confidence=0.999494; left_prob=0.999494; right_prob=0.000506; quality=0.929601; mean_gray=91.88; std_gray=47.65; mean_sat=100.29; area=0.2458
317,batch_004,17,../bee_direction_labeled_batch004_200/images/batch_004_017.jpg,head_left,52.172546,/root/autodl-tmp/bee_track/deep_sort_pytorch/deep_sort/deep/data/train_20260501_sam_mask_soft_v2/002108/BEE24-35_003278_det09_tr0003.jpg,auto_high_conf_binary_resnet_clear; confidence=0.982043; left_prob=0.982043; right_prob=0.017957; quality=0.947139; mean_gray=95.75; std_gray=51.39; mean_sat=106.37; area=0.2361
318,batch_004,18,../bee_direction_labeled_batch004_200/images/batch_004_018.jpg,head_left,60.428612,/root/autodl-tmp/bee_track/deep_sort_pytorch/deep_sort/deep/data/train_20260501_sam_mask_soft_v2/002029/BEE24-35_001570_det11_tr0003.jpg,auto_high_conf_binary_resnet_clear; confidence=0.989654; left_prob=0.989654; right_prob=0.010346; quality=0.935779; mean_gray=110.20; std_gray=55.32; mean_sat=92.43; area=0.2989
319,batch_004,19,../bee_direction_labeled_batch004_200/images/batch_004_019.jpg,head_left,43.891186,/root/autodl-tmp/bee_track/deep_sort_pytorch/deep_sort/deep/data/train_20260501_sam_mask_soft_v2/002166/BEE24-35_004358_det08_tr0013.jpg,auto_high_conf_binary_resnet_clear; confidence=0.977588; left_prob=0.977588; right_prob=0.022412; quality=0.948867; mean_gray=110.87; std_gray=50.61; mean_sat=99.13; area=0.2818
320,batch_004,20,../bee_direction_labeled_batch004_200/images/batch_004_020.jpg,head_left,100.786667,/root/autodl-tmp/bee_track/deep_sort_pytorch/deep_sort/deep/data/train_20260501_sam_mask_soft_v2/002116/BEE24-35_003413_det11_tr0007.jpg,auto_high_conf_binary_resnet_clear; confidence=0.965653; left_prob=0.965653; right_prob=0.034347; quality=0.963099; mean_gray=108.16; std_gray=49.23; mean_sat=124.45; area=0.2523
321,batch_004,21,../bee_direction_labeled_batch004_200/images/batch_004_021.jpg,head_left,75.499825,/root/autodl-tmp/bee_track/deep_sort_pytorch/deep_sort/deep/data/train_20260501_sam_mask_soft_v2/001981/BEE24-35_000161_det09_tr0008.jpg,auto_high_conf_binary_resnet_clear; confidence=0.998363; left_prob=0.998363; right_prob=0.001637; quality=0.918600; mean_gray=97.58; std_gray=47.91; mean_sat=99.97; area=0.2829
322,batch_004,22,../bee_direction_labeled_batch004_200/images/batch_004_022.jpg,head_left,45.557568,/root/autodl-tmp/bee_track/deep_sort_pytorch/deep_sort/deep/data/train_20260501_sam_mask_soft_v2/002039/BEE24-35_001910_det07_tr0007.jpg,auto_high_conf_binary_resnet_clear; confidence=0.985345; left_prob=0.985345; right_prob=0.014655; quality=0.932282; mean_gray=93.13; std_gray=47.86; mean_sat=79.14; area=0.2441
323,batch_004,23,../bee_direction_labeled_batch004_200/images/batch_004_023.jpg,head_left,46.785973,/root/autodl-tmp/bee_track/deep_sort_pytorch/deep_sort/deep/data/train_20260501_sam_mask_soft_v2/002005/BEE24-35_001070_det11_tr0010.jpg,auto_high_conf_binary_resnet_clear; confidence=0.975470; left_prob=0.975470; right_prob=0.024530; quality=0.944124; mean_gray=109.88; std_gray=54.05; mean_sat=108.19; area=0.2856
324,batch_004,24,../bee_direction_labeled_batch004_200/images/batch_004_024.jpg,head_left,42.004368,/root/autodl-tmp/bee_track/deep_sort_pytorch/deep_sort/deep/data/train_20260501_sam_mask_soft_v2/002135/BEE24-35_003778_det12_tr0005.jpg,auto_high_conf_binary_resnet_clear; confidence=0.957913; left_prob=0.957913; right_prob=0.042087; quality=0.963834; mean_gray=125.40; std_gray=58.12; mean_sat=111.38; area=0.2730
325,batch_004,25,../bee_direction_labeled_batch004_200/images/batch_004_025.jpg,head_left,96.835632,/root/autodl-tmp/bee_track/deep_sort_pytorch/deep_sort/deep/data/train_20260501_sam_mask_soft_v2/001989/BEE24-35_000726_det10_tr0001.jpg,auto_high_conf_binary_resnet_clear; confidence=0.989293; left_prob=0.989293; right_prob=0.010707; quality=0.925329; mean_gray=107.79; std_gray=49.06; mean_sat=102.39; area=0.3065
326,batch_004,26,../bee_direction_labeled_batch004_200/images/batch_004_026.jpg,head_left,80.550713,/root/autodl-tmp/bee_track/deep_sort_pytorch/deep_sort/deep/data/train_20260501_sam_mask_soft_v2/001974/BEE24-35_000208_det10_tr0010.jpg,auto_high_conf_binary_resnet_clear; confidence=0.975902; left_prob=0.975902; right_prob=0.024098; quality=0.940923; mean_gray=131.72; std_gray=54.05; mean_sat=91.05; area=0.3066
327,batch_004,27,../bee_direction_labeled_batch004_200/images/batch_004_027.jpg,head_left,106.401497,/root/autodl-tmp/bee_track/deep_sort_pytorch/deep_sort/deep/data/train_20260501_sam_mask_soft_v2/002093/BEE24-35_003144_det07_tr0021.jpg,auto_high_conf_binary_resnet_clear; confidence=0.996982; left_prob=0.996982; right_prob=0.003018; quality=0.912664; mean_gray=109.28; std_gray=49.12; mean_sat=72.76; area=0.2967
328,batch_004,28,../bee_direction_labeled_batch004_200/images/batch_004_028.jpg,head_left,63.457767,/root/autodl-tmp/bee_track/deep_sort_pytorch/deep_sort/deep/data/train_20260501_sam_mask_soft_v2/002077/BEE24-35_002695_det07_tr0005.jpg,auto_high_conf_binary_resnet_clear; confidence=0.948158; left_prob=0.948158; right_prob=0.051842; quality=0.967730; mean_gray=106.05; std_gray=51.34; mean_sat=91.09; area=0.2388
329,batch_004,29,../bee_direction_labeled_batch004_200/images/batch_004_029.jpg,head_left,96.352730,/root/autodl-tmp/bee_track/deep_sort_pytorch/deep_sort/deep/data/train_20260501_sam_mask_soft_v2/002099/BEE24-35_003176_det10_tr0017.jpg,auto_high_conf_binary_resnet_clear; confidence=0.990242; left_prob=0.990242; right_prob=0.009758; quality=0.915211; mean_gray=140.26; std_gray=54.11; mean_sat=70.21; area=0.2995
330,batch_004,30,../bee_direction_labeled_batch004_200/images/batch_004_030.jpg,head_left,82.205452,/root/autodl-tmp/bee_track/deep_sort_pytorch/deep_sort/deep/data/train_20260501_sam_mask_soft_v2/002136/BEE24-35_003809_det10_tr0005.jpg,auto_high_conf_binary_resnet_clear; confidence=0.980496; left_prob=0.980496; right_prob=0.019504; quality=0.925423; mean_gray=113.59; std_gray=49.04; mean_sat=93.14; area=0.3249
331,batch_004,31,../bee_direction_labeled_batch004_200/images/batch_004_031.jpg,head_left,98.194817,/root/autodl-tmp/bee_track/deep_sort_pytorch/deep_sort/deep/data/train_20260501_sam_mask_soft_v2/002090/BEE24-35_002937_det08_tr0005.jpg,auto_high_conf_binary_resnet_clear; confidence=0.982240; left_prob=0.982240; right_prob=0.017760; quality=0.918556; mean_gray=117.39; std_gray=55.87; mean_sat=92.46; area=0.3395
332,batch_004,32,../bee_direction_labeled_batch004_200/images/batch_004_032.jpg,head_left,42.407196,/root/autodl-tmp/bee_track/deep_sort_pytorch/deep_sort/deep/data/train_20260501_sam_mask_soft_v2/002193/BEE24-35_004977_det11_tr0005.jpg,auto_high_conf_binary_resnet_clear; confidence=0.964214; left_prob=0.964214; right_prob=0.035786; quality=0.939272; mean_gray=103.03; std_gray=46.37; mean_sat=92.42; area=0.2535
333,batch_004,33,../bee_direction_labeled_batch004_200/images/batch_004_033.jpg,head_left,72.833237,/root/autodl-tmp/bee_track/deep_sort_pytorch/deep_sort/deep/data/train_20260501_sam_mask_soft_v2/002102/BEE24-35_003189_det10_tr0002.jpg,auto_high_conf_binary_resnet_clear; confidence=0.991914; left_prob=0.991914; right_prob=0.008086; quality=0.905399; mean_gray=125.95; std_gray=47.54; mean_sat=69.80; area=0.3071
334,batch_004,34,../bee_direction_labeled_batch004_200/images/batch_004_034.jpg,head_left,-13.635115,/root/autodl-tmp/bee_track/deep_sort_pytorch/deep_sort/deep/data/train_20260501_sam_mask_soft_v2/001995/BEE24-35_000845_det08_tr0001.jpg,auto_high_conf_binary_resnet_clear; confidence=0.956735; left_prob=0.956735; right_prob=0.043265; quality=0.948346; mean_gray=112.48; std_gray=50.11; mean_sat=75.64; area=0.2677
335,batch_004,35,../bee_direction_labeled_batch004_200/images/batch_004_035.jpg,head_left,87.169586,/root/autodl-tmp/bee_track/deep_sort_pytorch/deep_sort/deep/data/train_20260501_sam_mask_soft_v2/001994/BEE24-35_000824_det09_tr0005.jpg,auto_high_conf_binary_resnet_clear; confidence=0.996731; left_prob=0.996731; right_prob=0.003269; quality=0.899146; mean_gray=95.78; std_gray=46.59; mean_sat=125.77; area=0.2916
336,batch_004,36,../bee_direction_labeled_batch004_200/images/batch_004_036.jpg,head_left,57.625389,/root/autodl-tmp/bee_track/deep_sort_pytorch/deep_sort/deep/data/train_20260501_sam_mask_soft_v2/002067/BEE24-35_002455_det09_tr0016.jpg,auto_high_conf_binary_resnet_clear; confidence=0.979071; left_prob=0.979071; right_prob=0.020929; quality=0.917630; mean_gray=99.95; std_gray=47.71; mean_sat=108.09; area=0.2897
337,batch_004,37,../bee_direction_labeled_batch004_200/images/batch_004_037.jpg,head_left,68.571014,/root/autodl-tmp/bee_track/deep_sort_pytorch/deep_sort/deep/data/train_20260501_sam_mask_soft_v2/002151/BEE24-35_004099_det11_tr0009.jpg,auto_high_conf_binary_resnet_clear; confidence=0.948710; left_prob=0.948710; right_prob=0.051290; quality=0.952768; mean_gray=107.61; std_gray=45.61; mean_sat=86.36; area=0.2401
338,batch_004,38,../bee_direction_labeled_batch004_200/images/batch_004_038.jpg,head_left,99.774910,/root/autodl-tmp/bee_track/deep_sort_pytorch/deep_sort/deep/data/train_20260501_sam_mask_soft_v2/001990/BEE24-35_000732_det10_tr0005.jpg,auto_high_conf_binary_resnet_clear; confidence=0.962713; left_prob=0.962713; right_prob=0.037287; quality=0.935626; mean_gray=100.43; std_gray=47.77; mean_sat=105.48; area=0.2655
339,batch_004,39,../bee_direction_labeled_batch004_200/images/batch_004_039.jpg,head_left,-16.750341,/root/autodl-tmp/bee_track/deep_sort_pytorch/deep_sort/deep/data/train_20260501_sam_mask_soft_v2/002150/BEE24-35_004092_det11_tr0010.jpg,auto_high_conf_binary_resnet_clear; confidence=0.998314; left_prob=0.998314; right_prob=0.001686; quality=0.891369; mean_gray=94.79; std_gray=45.10; mean_sat=90.14; area=0.2839
340,batch_004,40,../bee_direction_labeled_batch004_200/images/batch_004_040.jpg,head_left,103.830132,/root/autodl-tmp/bee_track/deep_sort_pytorch/deep_sort/deep/data/train_20260501_sam_mask_soft_v2/001964/BEE24-35_002586_det00_tr0012.jpg,auto_high_conf_binary_resnet_clear; confidence=0.981592; left_prob=0.981592; right_prob=0.018408; quality=0.911790; mean_gray=98.55; std_gray=47.49; mean_sat=97.67; area=0.2915
341,batch_004,41,../bee_direction_labeled_batch004_200/images/batch_004_041.jpg,head_left,104.005058,/root/autodl-tmp/bee_track/deep_sort_pytorch/deep_sort/deep/data/train_20260501_sam_mask_soft_v2/001969/BEE24-35_000184_det05_tr0002.jpg,auto_high_conf_binary_resnet_clear; confidence=0.940056; left_prob=0.940056; right_prob=0.059944; quality=0.961781; mean_gray=111.36; std_gray=50.71; mean_sat=91.09; area=0.2645
342,batch_004,42,../bee_direction_labeled_batch004_200/images/batch_004_042.jpg,head_left,75.924217,/root/autodl-tmp/bee_track/deep_sort_pytorch/deep_sort/deep/data/train_20260501_sam_mask_soft_v2/002122/BEE24-35_003541_det09_tr0006.jpg,auto_high_conf_binary_resnet_clear; confidence=0.953560; left_prob=0.953560; right_prob=0.046440; quality=0.943639; mean_gray=114.51; std_gray=48.88; mean_sat=90.41; area=0.3011
343,batch_004,43,../bee_direction_labeled_batch004_200/images/batch_004_043.jpg,head_left,42.171986,/root/autodl-tmp/bee_track/deep_sort_pytorch/deep_sort/deep/data/train_20260501_sam_mask_soft_v2/002120/BEE24-35_003470_det09_tr0010.jpg,auto_high_conf_binary_resnet_clear; confidence=0.993636; left_prob=0.993636; right_prob=0.006364; quality=0.893752; mean_gray=91.10; std_gray=53.98; mean_sat=112.76; area=0.2996
344,batch_004,44,../bee_direction_labeled_batch004_200/images/batch_004_044.jpg,head_left,80.002251,/root/autodl-tmp/bee_track/deep_sort_pytorch/deep_sort/deep/data/train_20260501_sam_mask_soft_v2/002192/BEE24-35_004983_det09_tr0019.jpg,auto_high_conf_binary_resnet_clear; confidence=0.995331; left_prob=0.995331; right_prob=0.004669; quality=0.889486; mean_gray=116.63; std_gray=49.49; mean_sat=64.23; area=0.3098
345,batch_004,45,../bee_direction_labeled_batch004_200/images/batch_004_045.jpg,head_left,68.983238,/root/autodl-tmp/bee_track/deep_sort_pytorch/deep_sort/deep/data/train_20260501_sam_mask_soft_v2/002156/BEE24-35_004141_det10_tr0003.jpg,auto_high_conf_binary_resnet_clear; confidence=0.983405; left_prob=0.983405; right_prob=0.016595; quality=0.903241; mean_gray=83.79; std_gray=50.01; mean_sat=98.85; area=0.2624
346,batch_004,46,../bee_direction_labeled_batch004_200/images/batch_004_046.jpg,head_left,127.303528,/root/autodl-tmp/bee_track/deep_sort_pytorch/deep_sort/deep/data/train_20260501_sam_mask_soft_v2/002162/BEE24-35_004248_det08_tr0006.jpg,auto_high_conf_binary_resnet_clear; confidence=0.989009; left_prob=0.989009; right_prob=0.010991; quality=0.895756; mean_gray=104.73; std_gray=46.04; mean_sat=105.60; area=0.3192
347,batch_004,47,../bee_direction_labeled_batch004_200/images/batch_004_047.jpg,head_left,53.003242,/root/autodl-tmp/bee_track/deep_sort_pytorch/deep_sort/deep/data/train_20260501_sam_mask_soft_v2/002157/BEE24-35_004160_det09_tr0004.jpg,auto_high_conf_binary_resnet_clear; confidence=0.991004; left_prob=0.991004; right_prob=0.008996; quality=0.891783; mean_gray=85.79; std_gray=51.98; mean_sat=84.67; area=0.2856
348,batch_004,48,../bee_direction_labeled_batch004_200/images/batch_004_048.jpg,head_left,21.110802,/root/autodl-tmp/bee_track/deep_sort_pytorch/deep_sort/deep/data/train_20260501_sam_mask_soft_v2/002017/BEE24-35_001484_det08_tr0017.jpg,auto_high_conf_binary_resnet_clear; confidence=0.982466; left_prob=0.982466; right_prob=0.017534; quality=0.901903; mean_gray=105.71; std_gray=51.88; mean_sat=82.57; area=0.3343
349,batch_004,49,../bee_direction_labeled_batch004_200/images/batch_004_049.jpg,head_left,99.636948,/root/autodl-tmp/bee_track/deep_sort_pytorch/deep_sort/deep/data/train_20260501_sam_mask_soft_v2/002013/BEE24-35_001198_det12_tr0001.jpg,auto_high_conf_binary_resnet_clear; confidence=0.970329; left_prob=0.970329; right_prob=0.029671; quality=0.916388; mean_gray=105.17; std_gray=45.37; mean_sat=99.50; area=0.2831
350,batch_004,50,../bee_direction_labeled_batch004_200/images/batch_004_050.jpg,head_left,56.848713,/root/autodl-tmp/bee_track/deep_sort_pytorch/deep_sort/deep/data/train_20260501_sam_mask_soft_v2/002126/BEE24-35_003669_det10_tr0002.jpg,auto_high_conf_binary_resnet_clear; confidence=0.987345; left_prob=0.987345; right_prob=0.012655; quality=0.895084; mean_gray=85.43; std_gray=55.52; mean_sat=99.17; area=0.2796
351,batch_004,51,../bee_direction_labeled_batch004_200/images/batch_004_051.jpg,head_left,84.318779,/root/autodl-tmp/bee_track/deep_sort_pytorch/deep_sort/deep/data/train_20260501_sam_mask_soft_v2/001973/BEE24-35_000013_det09_tr0002.jpg,auto_high_conf_binary_resnet_clear; confidence=0.989694; left_prob=0.989694; right_prob=0.010306; quality=0.892027; mean_gray=93.09; std_gray=48.81; mean_sat=119.45; area=0.3085
352,batch_004,52,../bee_direction_labeled_batch004_200/images/batch_004_052.jpg,head_left,57.186272,/root/autodl-tmp/bee_track/deep_sort_pytorch/deep_sort/deep/data/train_20260501_sam_mask_soft_v2/002053/BEE24-35_002127_det08_tr0003.jpg,auto_high_conf_binary_resnet_clear; confidence=0.940253; left_prob=0.940253; right_prob=0.059747; quality=0.952116; mean_gray=118.15; std_gray=51.42; mean_sat=77.11; area=0.2770
353,batch_004,53,../bee_direction_labeled_batch004_200/images/batch_004_053.jpg,head_left,5.625298,/root/autodl-tmp/bee_track/deep_sort_pytorch/deep_sort/deep/data/train_20260501_sam_mask_soft_v2/002007/BEE24-35_001086_det12_tr0009.jpg,auto_high_conf_binary_resnet_clear; confidence=0.953116; left_prob=0.953116; right_prob=0.046884; quality=0.933961; mean_gray=122.51; std_gray=48.27; mean_sat=84.69; area=0.3169
354,batch_004,54,../bee_direction_labeled_batch004_200/images/batch_004_054.jpg,head_left,34.001591,/root/autodl-tmp/bee_track/deep_sort_pytorch/deep_sort/deep/data/train_20260501_sam_mask_soft_v2/001986/BEE24-35_000585_det08_tr0010.jpg,auto_high_conf_binary_resnet_clear; confidence=0.990382; left_prob=0.990382; right_prob=0.009618; quality=0.887996; mean_gray=92.93; std_gray=43.38; mean_sat=90.55; area=0.2645
355,batch_004,55,../bee_direction_labeled_batch004_200/images/batch_004_055.jpg,head_left,63.947124,/root/autodl-tmp/bee_track/deep_sort_pytorch/deep_sort/deep/data/train_20260501_sam_mask_soft_v2/002130/BEE24-35_003723_det10_tr0009.jpg,auto_high_conf_binary_resnet_clear; confidence=0.969854; left_prob=0.969854; right_prob=0.030146; quality=0.911873; mean_gray=112.83; std_gray=51.98; mean_sat=75.66; area=0.3224
356,batch_004,56,../bee_direction_labeled_batch004_200/images/batch_004_056.jpg,head_left,55.596504,/root/autodl-tmp/bee_track/deep_sort_pytorch/deep_sort/deep/data/train_20260501_sam_mask_soft_v2/002001/BEE24-35_000949_det11_tr0003.jpg,auto_high_conf_binary_resnet_clear; confidence=0.992168; left_prob=0.992168; right_prob=0.007832; quality=0.884115; mean_gray=83.36; std_gray=50.59; mean_sat=80.01; area=0.2891
357,batch_004,57,../bee_direction_labeled_batch004_200/images/batch_004_057.jpg,head_left,29.321064,/root/autodl-tmp/bee_track/deep_sort_pytorch/deep_sort/deep/data/train_20260501_sam_mask_soft_v2/002076/BEE24-35_002682_det08_tr0002.jpg,auto_high_conf_binary_resnet_clear; confidence=0.957985; left_prob=0.957985; right_prob=0.042015; quality=0.923695; mean_gray=109.69; std_gray=50.15; mean_sat=96.76; area=0.3150
358,batch_004,58,../bee_direction_labeled_batch004_200/images/batch_004_058.jpg,head_left,-21.410118,/root/autodl-tmp/bee_track/deep_sort_pytorch/deep_sort/deep/data/train_20260501_sam_mask_soft_v2/002035/BEE24-35_001828_det08_tr0020.jpg,auto_high_conf_binary_resnet_clear; confidence=0.974849; left_prob=0.974849; right_prob=0.025151; quality=0.900974; mean_gray=103.05; std_gray=41.82; mean_sat=112.18; area=0.2611
359,batch_004,59,../bee_direction_labeled_batch004_200/images/batch_004_059.jpg,head_left,96.677544,/root/autodl-tmp/bee_track/deep_sort_pytorch/deep_sort/deep/data/train_20260501_sam_mask_soft_v2/002073/BEE24-35_002612_det07_tr0011.jpg,auto_high_conf_binary_resnet_clear; confidence=0.982033; left_prob=0.982033; right_prob=0.017967; quality=0.891248; mean_gray=107.43; std_gray=47.22; mean_sat=76.39; area=0.3304
360,batch_004,60,../bee_direction_labeled_batch004_200/images/batch_004_060.jpg,head_left,27.587339,/root/autodl-tmp/bee_track/deep_sort_pytorch/deep_sort/deep/data/train_20260501_sam_mask_soft_v2/002034/BEE24-35_001651_det10_tr0011.jpg,auto_high_conf_binary_resnet_clear; confidence=0.913995; left_prob=0.913995; right_prob=0.086005; quality=0.974224; mean_gray=119.37; std_gray=58.33; mean_sat=87.39; area=0.2578
361,batch_004,61,../bee_direction_labeled_batch004_200/images/batch_004_061.jpg,head_left,50.614883,/root/autodl-tmp/bee_track/deep_sort_pytorch/deep_sort/deep/data/train_20260501_sam_mask_soft_v2/002110/BEE24-35_003286_det10_tr0003.jpg,auto_high_conf_binary_resnet_clear; confidence=0.992836; left_prob=0.992836; right_prob=0.007164; quality=0.874503; mean_gray=73.78; std_gray=48.44; mean_sat=97.25; area=0.2726
362,batch_004,62,../bee_direction_labeled_batch004_200/images/batch_004_062.jpg,head_left,85.446808,/root/autodl-tmp/bee_track/deep_sort_pytorch/deep_sort/deep/data/train_20260501_sam_mask_soft_v2/002045/BEE24-35_001983_det09_tr0006.jpg,auto_high_conf_binary_resnet_clear; confidence=0.957974; left_prob=0.957974; right_prob=0.042026; quality=0.913973; mean_gray=105.68; std_gray=48.94; mean_sat=84.20; area=0.3164
363,batch_004,63,../bee_direction_labeled_batch004_200/images/batch_004_063.jpg,head_left,-4.607503,/root/autodl-tmp/bee_track/deep_sort_pytorch/deep_sort/deep/data/train_20260501_sam_mask_soft_v2/001715/BEE24-33_001703_det07_tr0010.jpg,auto_high_conf_binary_resnet_clear; confidence=0.986813; left_prob=0.986813; right_prob=0.013187; quality=0.877930; mean_gray=100.35; std_gray=46.73; mean_sat=124.75; area=0.3387
364,batch_004,64,../bee_direction_labeled_batch004_200/images/batch_004_064.jpg,head_right,47.963745,/root/autodl-tmp/bee_track/deep_sort_pytorch/deep_sort/deep/data/train_20260501_sam_mask_soft_v2/002141/BEE24-35_003966_det09_tr0003.jpg,auto_high_conf_binary_resnet_clear; confidence=0.996286; left_prob=0.996286; right_prob=0.003714; quality=0.863145; mean_gray=88.10; std_gray=47.23; mean_sat=116.80; area=0.3267; corrected_by_user=label_flipped_from_head_left_to_head_right
365,batch_004,65,../bee_direction_labeled_batch004_200/images/batch_004_065.jpg,head_left,82.465469,/root/autodl-tmp/bee_track/deep_sort_pytorch/deep_sort/deep/data/train_20260501_sam_mask_soft_v2/002101/BEE24-35_003190_det09_tr0005.jpg,auto_high_conf_binary_resnet_clear; confidence=0.966561; left_prob=0.966561; right_prob=0.033439; quality=0.899395; mean_gray=95.32; std_gray=46.42; mean_sat=102.10; area=0.2880
366,batch_004,66,../bee_direction_labeled_batch004_200/images/batch_004_066.jpg,head_left,70.896255,/root/autodl-tmp/bee_track/deep_sort_pytorch/deep_sort/deep/data/train_20260501_sam_mask_soft_v2/002142/BEE24-35_004002_det08_tr0003.jpg,auto_high_conf_binary_resnet_clear; confidence=0.976484; left_prob=0.976484; right_prob=0.023515; quality=0.885334; mean_gray=97.18; std_gray=45.79; mean_sat=90.05; area=0.3078
367,batch_004,67,../bee_direction_labeled_batch004_200/images/batch_004_067.jpg,head_left,42.551357,/root/autodl-tmp/bee_track/deep_sort_pytorch/deep_sort/deep/data/train_20260501_sam_mask_soft_v2/002113/BEE24-35_003388_det09_tr0007.jpg,auto_high_conf_binary_resnet_clear; confidence=0.971078; left_prob=0.971078; right_prob=0.028921; quality=0.890824; mean_gray=88.95; std_gray=47.98; mean_sat=81.65; area=0.2969
368,batch_004,68,../bee_direction_labeled_batch004_200/images/batch_004_068.jpg,head_left,13.009527,/root/autodl-tmp/bee_track/deep_sort_pytorch/deep_sort/deep/data/train_20260501_sam_mask_soft_v2/002138/BEE24-35_003892_det09_tr0011.jpg,auto_high_conf_binary_resnet_clear; confidence=0.973989; left_prob=0.973989; right_prob=0.026011; quality=0.886961; mean_gray=135.80; std_gray=56.01; mean_sat=62.80; area=0.3069
369,batch_004,69,../bee_direction_labeled_batch004_200/images/batch_004_069.jpg,head_left,54.858875,/root/autodl-tmp/bee_track/deep_sort_pytorch/deep_sort/deep/data/train_20260501_sam_mask_soft_v2/002172/BEE24-35_004432_det08_tr0003.jpg,auto_high_conf_binary_resnet_clear; confidence=0.990514; left_prob=0.990514; right_prob=0.009486; quality=0.864665; mean_gray=74.65; std_gray=47.36; mean_sat=76.77; area=0.2682
370,batch_004,70,../bee_direction_labeled_batch004_200/images/batch_004_070.jpg,head_right,9.274015,/root/autodl-tmp/bee_track/deep_sort_pytorch/deep_sort/deep/data/train_20260501_sam_mask_soft_v2/002000/BEE24-35_000925_det11_tr0012.jpg,auto_high_conf_binary_resnet_clear; confidence=0.928350; left_prob=0.928350; right_prob=0.071650; quality=0.935734; mean_gray=111.22; std_gray=48.95; mean_sat=83.12; area=0.3022; corrected_by_user=label_flipped_from_head_left_to_head_right
371,batch_004,71,../bee_direction_labeled_batch004_200/images/batch_004_071.jpg,head_left,73.329346,/root/autodl-tmp/bee_track/deep_sort_pytorch/deep_sort/deep/data/train_20260501_sam_mask_soft_v2/002146/BEE24-35_004049_det11_tr0002.jpg,auto_high_conf_binary_resnet_clear; confidence=0.936289; left_prob=0.936289; right_prob=0.063711; quality=0.925935; mean_gray=103.36; std_gray=48.50; mean_sat=99.79; area=0.2915
372,batch_004,72,../bee_direction_labeled_batch004_200/images/batch_004_072.jpg,head_left,67.338219,/root/autodl-tmp/bee_track/deep_sort_pytorch/deep_sort/deep/data/train_20260501_sam_mask_soft_v2/002145/BEE24-35_004052_det10_tr0004.jpg,auto_high_conf_binary_resnet_clear; confidence=0.938477; left_prob=0.938477; right_prob=0.061523; quality=0.918275; mean_gray=102.16; std_gray=48.11; mean_sat=89.29; area=0.2989
373,batch_004,73,../bee_direction_labeled_batch004_200/images/batch_004_073.jpg,head_left,50.556229,/root/autodl-tmp/bee_track/deep_sort_pytorch/deep_sort/deep/data/train_20260501_sam_mask_soft_v2/002057/BEE24-35_002241_det08_tr0006.jpg,auto_high_conf_binary_resnet_clear; confidence=0.974585; left_prob=0.974585; right_prob=0.025415; quality=0.873972; mean_gray=159.29; std_gray=61.34; mean_sat=55.01; area=0.2903
374,batch_004,74,../bee_direction_labeled_batch004_200/images/batch_004_074.jpg,head_left,63.739342,/root/autodl-tmp/bee_track/deep_sort_pytorch/deep_sort/deep/data/train_20260501_sam_mask_soft_v2/002131/BEE24-35_003724_det11_tr0008.jpg,auto_high_conf_binary_resnet_clear; confidence=0.969701; left_prob=0.969701; right_prob=0.030299; quality=0.879858; mean_gray=82.12; std_gray=44.07; mean_sat=103.94; area=0.2493
375,batch_004,75,../bee_direction_labeled_batch004_200/images/batch_004_075.jpg,head_left,68.823700,/root/autodl-tmp/bee_track/deep_sort_pytorch/deep_sort/deep/data/train_20260501_sam_mask_soft_v2/002070/BEE24-35_002539_det07_tr0009.jpg,auto_high_conf_binary_resnet_clear; confidence=0.963211; left_prob=0.963211; right_prob=0.036789; quality=0.883679; mean_gray=96.41; std_gray=45.75; mean_sat=107.36; area=0.3073
376,batch_004,76,../bee_direction_labeled_batch004_200/images/batch_004_076.jpg,head_left,42.881023,/root/autodl-tmp/bee_track/deep_sort_pytorch/deep_sort/deep/data/train_20260501_sam_mask_soft_v2/001980/BEE24-35_000120_det11_tr0012.jpg,auto_high_conf_binary_resnet_clear; confidence=0.963845; left_prob=0.963845; right_prob=0.036155; quality=0.879336; mean_gray=97.49; std_gray=43.67; mean_sat=103.45; area=0.2949
377,batch_004,77,../bee_direction_labeled_batch004_200/images/batch_004_077.jpg,head_left,83.040344,/root/autodl-tmp/bee_track/deep_sort_pytorch/deep_sort/deep/data/train_20260501_sam_mask_soft_v2/002128/BEE24-35_003693_det10_tr0010.jpg,auto_high_conf_binary_resnet_clear; confidence=0.970467; left_prob=0.970467; right_prob=0.029533; quality=0.869431; mean_gray=100.44; std_gray=44.98; mean_sat=120.77; area=0.3328
378,batch_004,78,../bee_direction_labeled_batch004_200/images/batch_004_078.jpg,head_left,62.576832,/root/autodl-tmp/bee_track/deep_sort_pytorch/deep_sort/deep/data/train_20260501_sam_mask_soft_v2/002041/BEE24-35_001906_det08_tr0003.jpg,auto_high_conf_binary_resnet_clear; confidence=0.977459; left_prob=0.977459; right_prob=0.022541; quality=0.860778; mean_gray=105.01; std_gray=45.24; mean_sat=66.00; area=0.2987
379,batch_004,79,../bee_direction_labeled_batch004_200/images/batch_004_079.jpg,head_left,52.603119,/root/autodl-tmp/bee_track/deep_sort_pytorch/deep_sort/deep/data/train_20260501_sam_mask_soft_v2/000845/BEE24-33_000314_det35_tr0001.jpg,auto_high_conf_binary_resnet_clear; confidence=0.982353; left_prob=0.982353; right_prob=0.017647; quality=0.853393; mean_gray=93.41; std_gray=42.36; mean_sat=117.09; area=0.3058
380,batch_004,80,../bee_direction_labeled_batch004_200/images/batch_004_080.jpg,head_left,84.723190,/root/autodl-tmp/bee_track/deep_sort_pytorch/deep_sort/deep/data/train_20260501_sam_mask_soft_v2/002015/BEE24-35_001292_det09_tr0006.jpg,auto_high_conf_binary_resnet_clear; confidence=0.952127; left_prob=0.952127; right_prob=0.047873; quality=0.888387; mean_gray=85.27; std_gray=47.19; mean_sat=96.64; area=0.2802
381,batch_004,81,../bee_direction_labeled_batch004_200/images/batch_004_081.jpg,head_left,44.014786,/root/autodl-tmp/bee_track/deep_sort_pytorch/deep_sort/deep/data/train_20260501_sam_mask_soft_v2/001997/BEE24-35_001036_det09_tr0020.jpg,auto_high_conf_binary_resnet_clear; confidence=0.909110; left_prob=0.909110; right_prob=0.090890; quality=0.940631; mean_gray=106.38; std_gray=51.32; mean_sat=73.97; area=0.2519
382,batch_004,82,../bee_direction_labeled_batch004_200/images/batch_004_082.jpg,head_left,-12.739829,/root/autodl-tmp/bee_track/deep_sort_pytorch/deep_sort/deep/data/train_20260501_sam_mask_soft_v2/001543/BEE24-33_004004_det38_tr0021.jpg,auto_high_conf_binary_resnet_clear; confidence=0.908601; left_prob=0.908601; right_prob=0.091399; quality=0.940225; mean_gray=122.36; std_gray=46.26; mean_sat=80.06; area=0.2891
383,batch_004,83,../bee_direction_labeled_batch004_200/images/batch_004_083.jpg,head_left,47.172588,/root/autodl-tmp/bee_track/deep_sort_pytorch/deep_sort/deep/data/train_20260501_sam_mask_soft_v2/002068/BEE24-35_002461_det09_tr0003.jpg,auto_high_conf_binary_resnet_clear; confidence=0.947053; left_prob=0.947053; right_prob=0.052947; quality=0.891460; mean_gray=91.16; std_gray=52.51; mean_sat=96.31; area=0.3032
384,batch_004,84,../bee_direction_labeled_batch004_200/images/batch_004_084.jpg,head_left,103.962463,/root/autodl-tmp/bee_track/deep_sort_pytorch/deep_sort/deep/data/train_20260501_sam_mask_soft_v2/001472/BEE24-33_003466_det30_tr0010.jpg,auto_high_conf_binary_resnet_clear; confidence=0.955914; left_prob=0.955914; right_prob=0.044086; quality=0.878803; mean_gray=90.38; std_gray=40.26; mean_sat=139.54; area=0.2364
385,batch_004,85,../bee_direction_labeled_batch004_200/images/batch_004_085.jpg,head_left,50.531937,/root/autodl-tmp/bee_track/deep_sort_pytorch/deep_sort/deep/data/train_20260501_sam_mask_soft_v2/002021/BEE24-35_001421_det10_tr0014.jpg,auto_high_conf_binary_resnet_clear; confidence=0.902264; left_prob=0.902264; right_prob=0.097736; quality=0.942989; mean_gray=117.98; std_gray=49.10; mean_sat=90.28; area=0.3036
386,batch_004,86,../bee_direction_labeled_batch004_200/images/batch_004_086.jpg,head_left,46.234531,/root/autodl-tmp/bee_track/deep_sort_pytorch/deep_sort/deep/data/train_20260501_sam_mask_soft_v2/002051/BEE24-35_002114_det07_tr0013.jpg,auto_high_conf_binary_resnet_clear; confidence=0.943630; left_prob=0.943630; right_prob=0.056370; quality=0.892335; mean_gray=86.40; std_gray=47.16; mean_sat=91.96; area=0.2777
387,batch_004,87,../bee_direction_labeled_batch004_200/images/batch_004_087.jpg,head_left,52.436859,/root/autodl-tmp/bee_track/deep_sort_pytorch/deep_sort/deep/data/train_20260501_sam_mask_soft_v2/000688/BEE24-33_000831_det39_tr0020.jpg,auto_high_conf_binary_resnet_clear; confidence=0.970775; left_prob=0.970775; right_prob=0.029225; quality=0.858826; mean_gray=94.87; std_gray=38.58; mean_sat=137.22; area=0.2621
388,batch_004,88,../bee_direction_labeled_batch004_200/images/batch_004_088.jpg,head_left,45.271423,/root/autodl-tmp/bee_track/deep_sort_pytorch/deep_sort/deep/data/train_20260501_sam_mask_soft_v2/002123/BEE24-35_003601_det09_tr0004.jpg,auto_high_conf_binary_resnet_clear; confidence=0.976669; left_prob=0.976669; right_prob=0.023331; quality=0.851186; mean_gray=81.27; std_gray=52.44; mean_sat=77.51; area=0.3193
389,batch_004,89,../bee_direction_labeled_batch004_200/images/batch_004_089.jpg,head_left,16.046673,/root/autodl-tmp/bee_track/deep_sort_pytorch/deep_sort/deep/data/train_20260501_sam_mask_soft_v2/002171/BEE24-35_004408_det09_tr0009.jpg,auto_high_conf_binary_resnet_clear; confidence=0.932848; left_prob=0.932848; right_prob=0.067152; quality=0.904351; mean_gray=105.18; std_gray=44.04; mean_sat=91.83; area=0.2866
390,batch_004,90,../bee_direction_labeled_batch004_200/images/batch_004_090.jpg,head_left,-25.813971,/root/autodl-tmp/bee_track/deep_sort_pytorch/deep_sort/deep/data/train_20260501_sam_mask_soft_v2/001977/BEE24-35_000104_det09_tr0010.jpg,auto_high_conf_binary_resnet_clear; confidence=0.936074; left_prob=0.936074; right_prob=0.063926; quality=0.893082; mean_gray=132.51; std_gray=58.13; mean_sat=76.23; area=0.3595
391,batch_004,91,../bee_direction_labeled_batch004_200/images/batch_004_091.jpg,head_left,-12.520927,/root/autodl-tmp/bee_track/deep_sort_pytorch/deep_sort/deep/data/train_20260501_sam_mask_soft_v2/001462/BEE24-33_003405_det30_tr0020.jpg,auto_high_conf_binary_resnet_clear; confidence=0.980263; left_prob=0.980263; right_prob=0.019737; quality=0.837563; mean_gray=98.04; std_gray=43.16; mean_sat=120.39; area=0.3524
392,batch_004,92,../bee_direction_labeled_batch004_200/images/batch_004_092.jpg,head_left,45.311771,/root/autodl-tmp/bee_track/deep_sort_pytorch/deep_sort/deep/data/train_20260501_sam_mask_soft_v2/002085/BEE24-35_004703_det05_tr0020.jpg,auto_high_conf_binary_resnet_clear; confidence=0.911972; left_prob=0.911972; right_prob=0.088028; quality=0.920581; mean_gray=98.19; std_gray=50.28; mean_sat=91.06; area=0.2829
393,batch_004,93,../bee_direction_labeled_batch004_200/images/batch_004_093.jpg,head_left,24.162363,/root/autodl-tmp/bee_track/deep_sort_pytorch/deep_sort/deep/data/train_20260501_sam_mask_soft_v2/002104/BEE24-35_003217_det11_tr0007.jpg,auto_high_conf_binary_resnet_clear; confidence=0.995897; left_prob=0.995897; right_prob=0.004103; quality=0.817731; mean_gray=67.12; std_gray=48.57; mean_sat=78.84; area=0.3293
394,batch_004,94,../bee_direction_labeled_batch004_200/images/batch_004_094.jpg,head_left,64.614571,/root/autodl-tmp/bee_track/deep_sort_pytorch/deep_sort/deep/data/train_20260501_sam_mask_soft_v2/002103/BEE24-35_003214_det10_tr0015.jpg,auto_high_conf_binary_resnet_clear; confidence=0.958743; left_prob=0.958743; right_prob=0.041257; quality=0.862009; mean_gray=96.65; std_gray=43.71; mean_sat=116.04; area=0.3180
395,batch_004,95,../bee_direction_labeled_batch004_200/images/batch_004_095.jpg,head_left,-13.174623,/root/autodl-tmp/bee_track/deep_sort_pytorch/deep_sort/deep/data/train_20260501_sam_mask_soft_v2/000661/BEE24-33_000855_det24_tr0018.jpg,auto_high_conf_binary_resnet_clear; confidence=0.931201; left_prob=0.931201; right_prob=0.068799; quality=0.895615; mean_gray=99.47; std_gray=47.11; mean_sat=112.09; area=0.3141
396,batch_004,96,../bee_direction_labeled_batch004_200/images/batch_004_096.jpg,head_left,49.099678,/root/autodl-tmp/bee_track/deep_sort_pytorch/deep_sort/deep/data/train_20260501_sam_mask_soft_v2/000753/BEE24-33_000570_det32_tr0007.jpg,auto_high_conf_binary_resnet_clear; confidence=0.969903; left_prob=0.969903; right_prob=0.030097; quality=0.846205; mean_gray=88.22; std_gray=43.30; mean_sat=140.23; area=0.3100
397,batch_004,97,../bee_direction_labeled_batch004_200/images/batch_004_097.jpg,head_left,79.140297,/root/autodl-tmp/bee_track/deep_sort_pytorch/deep_sort/deep/data/train_20260501_sam_mask_soft_v2/001984/BEE24-35_000228_det09_tr0008.jpg,auto_high_conf_binary_resnet_clear; confidence=0.989258; left_prob=0.989258; right_prob=0.010742; quality=0.820082; mean_gray=83.43; std_gray=43.82; mean_sat=113.57; area=0.3386
398,batch_004,98,../bee_direction_labeled_batch004_200/images/batch_004_098.jpg,head_left,72.427223,/root/autodl-tmp/bee_track/deep_sort_pytorch/deep_sort/deep/data/train_20260501_sam_mask_soft_v2/000599/BEE24-33_000748_det26_tr0018.jpg,auto_high_conf_binary_resnet_clear; confidence=0.988839; left_prob=0.988839; right_prob=0.011161; quality=0.817581; mean_gray=92.92; std_gray=38.19; mean_sat=122.93; area=0.3122
399,batch_004,99,../bee_direction_labeled_batch004_200/images/batch_004_099.jpg,head_left,6.476143,/root/autodl-tmp/bee_track/deep_sort_pytorch/deep_sort/deep/data/train_20260501_sam_mask_soft_v2/002004/BEE24-35_001084_det10_tr0016.jpg,auto_high_conf_binary_resnet_clear; confidence=0.956143; left_prob=0.956143; right_prob=0.043857; quality=0.855841; mean_gray=97.35; std_gray=55.62; mean_sat=93.53; area=0.3752
400,batch_004,100,../bee_direction_labeled_batch004_200/images/batch_004_100.jpg,head_left,45.635262,/root/autodl-tmp/bee_track/deep_sort_pytorch/deep_sort/deep/data/train_20260501_sam_mask_soft_v2/002033/BEE24-35_001646_det09_tr0015.jpg,auto_high_conf_binary_resnet_clear; confidence=0.903484; left_prob=0.903484; right_prob=0.096516; quality=0.914110; mean_gray=89.18; std_gray=48.69; mean_sat=110.28; area=0.2636
401,batch_004,101,../bee_direction_labeled_batch004_200/images/batch_004_101.jpg,head_right,19.887829,/root/autodl-tmp/bee_track/deep_sort_pytorch/deep_sort/deep/data/train_20260501_sam_mask_soft_v2/002129/BEE24-35_003730_det09_tr0014.jpg,auto_high_conf_binary_resnet_clear; confidence=0.983075; left_prob=0.016924; right_prob=0.983075; quality=0.983192; mean_gray=113.53; std_gray=53.31; mean_sat=79.45; area=0.2374
402,batch_004,102,../bee_direction_labeled_batch004_200/images/batch_004_102.jpg,head_right,19.262251,/root/autodl-tmp/bee_track/deep_sort_pytorch/deep_sort/deep/data/train_20260501_sam_mask_soft_v2/002095/BEE24-35_003122_det08_tr0011.jpg,auto_high_conf_binary_resnet_clear; confidence=0.970263; left_prob=0.029737; right_prob=0.970263; quality=0.982826; mean_gray=111.68; std_gray=48.73; mean_sat=90.05; area=0.2346
403,batch_004,103,../bee_direction_labeled_batch004_200/images/batch_004_103.jpg,head_right,20.464155,/root/autodl-tmp/bee_track/deep_sort_pytorch/deep_sort/deep/data/train_20260501_sam_mask_soft_v2/002190/BEE24-35_004944_det10_tr0010.jpg,auto_high_conf_binary_resnet_clear; confidence=0.983005; left_prob=0.016995; right_prob=0.983005; quality=0.949236; mean_gray=101.08; std_gray=47.83; mean_sat=95.25; area=0.2482
404,batch_004,104,../bee_direction_labeled_batch004_200/images/batch_004_104.jpg,head_right,48.841145,/root/autodl-tmp/bee_track/deep_sort_pytorch/deep_sort/deep/data/train_20260501_sam_mask_soft_v2/002063/BEE24-35_002327_det09_tr0019.jpg,auto_high_conf_binary_resnet_clear; confidence=0.988932; left_prob=0.011068; right_prob=0.988932; quality=0.941069; mean_gray=103.93; std_gray=47.63; mean_sat=101.03; area=0.2672
405,batch_004,105,../bee_direction_labeled_batch004_200/images/batch_004_105.jpg,head_right,-31.906073,/root/autodl-tmp/bee_track/deep_sort_pytorch/deep_sort/deep/data/train_20260501_sam_mask_soft_v2/002003/BEE24-35_001066_det11_tr0011.jpg,auto_high_conf_binary_resnet_clear; confidence=0.991289; left_prob=0.008711; right_prob=0.991289; quality=0.928908; mean_gray=108.17; std_gray=50.59; mean_sat=103.00; area=0.3025
406,batch_004,106,../bee_direction_labeled_batch004_200/images/batch_004_106.jpg,head_right,29.216515,/root/autodl-tmp/bee_track/deep_sort_pytorch/deep_sort/deep/data/train_20260501_sam_mask_soft_v2/002080/BEE24-35_002793_det05_tr0018.jpg,auto_high_conf_binary_resnet_clear; confidence=0.988043; left_prob=0.011957; right_prob=0.988043; quality=0.930726; mean_gray=97.69; std_gray=50.85; mean_sat=80.23; area=0.2664
407,batch_004,107,../bee_direction_labeled_batch004_200/images/batch_004_107.jpg,head_right,22.225992,/root/autodl-tmp/bee_track/deep_sort_pytorch/deep_sort/deep/data/train_20260501_sam_mask_soft_v2/002071/BEE24-35_002533_det08_tr0017.jpg,auto_high_conf_binary_resnet_clear; confidence=0.982414; left_prob=0.017587; right_prob=0.982414; quality=0.937100; mean_gray=104.31; std_gray=48.17; mean_sat=92.15; area=0.2782
408,batch_004,108,../bee_direction_labeled_batch004_200/images/batch_004_108.jpg,head_right,24.379984,/root/autodl-tmp/bee_track/deep_sort_pytorch/deep_sort/deep/data/train_20260501_sam_mask_soft_v2/002112/BEE24-35_003358_det09_tr0014.jpg,auto_high_conf_binary_resnet_clear; confidence=0.989336; left_prob=0.010664; right_prob=0.989336; quality=0.917268; mean_gray=105.78; std_gray=46.62; mean_sat=102.03; area=0.2971
409,batch_004,109,../bee_direction_labeled_batch004_200/images/batch_004_109.jpg,head_right,10.636568,/root/autodl-tmp/bee_track/deep_sort_pytorch/deep_sort/deep/data/train_20260501_sam_mask_soft_v2/002052/BEE24-35_002109_det08_tr0006.jpg,auto_high_conf_binary_resnet_clear; confidence=0.981368; left_prob=0.018631; right_prob=0.981368; quality=0.926096; mean_gray=106.86; std_gray=47.13; mean_sat=113.38; area=0.2931
410,batch_004,110,../bee_direction_labeled_batch004_200/images/batch_004_110.jpg,head_right,46.802437,/root/autodl-tmp/bee_track/deep_sort_pytorch/deep_sort/deep/data/train_20260501_sam_mask_soft_v2/002097/BEE24-35_003183_det08_tr0022.jpg,auto_high_conf_binary_resnet_clear; confidence=0.990495; left_prob=0.009505; right_prob=0.990495; quality=0.914771; mean_gray=103.18; std_gray=47.31; mean_sat=74.07; area=0.2728
411,batch_004,111,../bee_direction_labeled_batch004_200/images/batch_004_111.jpg,head_right,-10.683731,/root/autodl-tmp/bee_track/deep_sort_pytorch/deep_sort/deep/data/train_20260501_sam_mask_soft_v2/001987/BEE24-35_000684_det08_tr0016.jpg,auto_high_conf_binary_resnet_clear; confidence=0.995135; left_prob=0.004865; right_prob=0.995135; quality=0.888406; mean_gray=106.09; std_gray=49.63; mean_sat=114.63; area=0.3553
412,batch_004,112,../bee_direction_labeled_batch004_200/images/batch_004_112.jpg,head_right,21.267675,/root/autodl-tmp/bee_track/deep_sort_pytorch/deep_sort/deep/data/train_20260501_sam_mask_soft_v2/002181/BEE24-35_004634_det09_tr0017.jpg,auto_high_conf_binary_resnet_clear; confidence=0.987048; left_prob=0.012952; right_prob=0.987048; quality=0.894150; mean_gray=103.14; std_gray=49.95; mean_sat=91.16; area=0.3374
413,batch_004,113,../bee_direction_labeled_batch004_200/images/batch_004_113.jpg,head_right,36.294144,/root/autodl-tmp/bee_track/deep_sort_pytorch/deep_sort/deep/data/train_20260501_sam_mask_soft_v2/002137/BEE24-35_003896_det08_tr0017.jpg,auto_high_conf_binary_resnet_clear; confidence=0.958322; left_prob=0.041678; right_prob=0.958322; quality=0.928426; mean_gray=101.40; std_gray=48.41; mean_sat=93.71; area=0.2816
414,batch_004,114,../bee_direction_labeled_batch004_200/images/batch_004_114.jpg,head_right,43.919109,/root/autodl-tmp/bee_track/deep_sort_pytorch/deep_sort/deep/data/train_20260501_sam_mask_soft_v2/002092/BEE24-35_003042_det07_tr0023.jpg,auto_high_conf_binary_resnet_clear; confidence=0.921125; left_prob=0.078875; right_prob=0.921125; quality=0.972412; mean_gray=112.32; std_gray=47.59; mean_sat=94.61; area=0.2475
415,batch_004,115,../bee_direction_labeled_batch004_200/images/batch_004_115.jpg,head_right,11.456573,/root/autodl-tmp/bee_track/deep_sort_pytorch/deep_sort/deep/data/train_20260501_sam_mask_soft_v2/002082/BEE24-35_002902_det05_tr0020.jpg,auto_high_conf_binary_resnet_clear; confidence=0.994269; left_prob=0.005731; right_prob=0.994269; quality=0.877291; mean_gray=92.93; std_gray=40.42; mean_sat=128.74; area=0.2485
416,batch_004,116,../bee_direction_labeled_batch004_200/images/batch_004_116.jpg,head_right,12.160991,/root/autodl-tmp/bee_track/deep_sort_pytorch/deep_sort/deep/data/train_20260501_sam_mask_soft_v2/002094/BEE24-35_003108_det08_tr0016.jpg,auto_high_conf_binary_resnet_clear; confidence=0.945332; left_prob=0.054668; right_prob=0.945332; quality=0.936260; mean_gray=114.54; std_gray=49.64; mean_sat=73.07; area=0.2803
417,batch_004,117,../bee_direction_labeled_batch004_200/images/batch_004_117.jpg,head_right,26.400089,/root/autodl-tmp/bee_track/deep_sort_pytorch/deep_sort/deep/data/train_20260501_sam_mask_soft_v2/002025/BEE24-35_001525_det11_tr0013.jpg,auto_high_conf_binary_resnet_clear; confidence=0.986435; left_prob=0.013565; right_prob=0.986435; quality=0.885798; mean_gray=99.20; std_gray=44.49; mean_sat=116.70; area=0.2996
418,batch_004,118,../bee_direction_labeled_batch004_200/images/batch_004_118.jpg,head_right,123.169518,/root/autodl-tmp/bee_track/deep_sort_pytorch/deep_sort/deep/data/train_20260501_sam_mask_soft_v2/002111/BEE24-35_003567_det07_tr0011.jpg,auto_high_conf_binary_resnet_clear; confidence=0.994026; left_prob=0.005974; right_prob=0.994026; quality=0.876297; mean_gray=78.63; std_gray=47.69; mean_sat=80.41; area=0.2822
419,batch_004,119,../bee_direction_labeled_batch004_200/images/batch_004_119.jpg,head_right,43.809669,/root/autodl-tmp/bee_track/deep_sort_pytorch/deep_sort/deep/data/train_20260501_sam_mask_soft_v2/002106/BEE24-35_003255_det08_tr0016.jpg,auto_high_conf_binary_resnet_clear; confidence=0.969188; left_prob=0.030812; right_prob=0.969188; quality=0.904708; mean_gray=101.09; std_gray=46.92; mean_sat=99.87; area=0.3039
420,batch_004,120,../bee_direction_labeled_batch004_200/images/batch_004_120.jpg,head_right,12.604408,/root/autodl-tmp/bee_track/deep_sort_pytorch/deep_sort/deep/data/train_20260501_sam_mask_soft_v2/002081/BEE24-35_002843_det05_tr0010.jpg,auto_high_conf_binary_resnet_clear; confidence=0.995148; left_prob=0.004852; right_prob=0.995148; quality=0.871976; mean_gray=103.84; std_gray=47.27; mean_sat=100.44; area=0.3644
421,batch_004,121,../bee_direction_labeled_batch004_200/images/batch_004_121.jpg,head_right,35.258152,/root/autodl-tmp/bee_track/deep_sort_pytorch/deep_sort/deep/data/train_20260501_sam_mask_soft_v2/002140/BEE24-35_003961_det08_tr0015.jpg,auto_high_conf_binary_resnet_clear; confidence=0.947412; left_prob=0.052588; right_prob=0.947412; quality=0.930064; mean_gray=101.80; std_gray=48.45; mean_sat=95.31; area=0.2805
422,batch_004,122,../bee_direction_labeled_batch004_200/images/batch_004_122.jpg,head_right,53.950027,/root/autodl-tmp/bee_track/deep_sort_pytorch/deep_sort/deep/data/train_20260501_sam_mask_soft_v2/001979/BEE24-35_000136_det09_tr0019.jpg,auto_high_conf_binary_resnet_clear; confidence=0.986283; left_prob=0.013717; right_prob=0.986283; quality=0.881363; mean_gray=88.52; std_gray=45.02; mean_sat=108.67; area=0.2778
423,batch_004,123,../bee_direction_labeled_batch004_200/images/batch_004_123.jpg,head_right,101.721817,/root/autodl-tmp/bee_track/deep_sort_pytorch/deep_sort/deep/data/train_20260501_sam_mask_soft_v2/002098/BEE24-35_003222_det08_tr0020.jpg,auto_high_conf_binary_resnet_clear; confidence=0.982460; left_prob=0.017540; right_prob=0.982460; quality=0.885411; mean_gray=87.74; std_gray=47.76; mean_sat=89.23; area=0.2986
424,batch_004,124,../bee_direction_labeled_batch004_200/images/batch_004_124.jpg,head_right,20.045765,/root/autodl-tmp/bee_track/deep_sort_pytorch/deep_sort/deep/data/train_20260501_sam_mask_soft_v2/002012/BEE24-35_001201_det11_tr0008.jpg,auto_high_conf_binary_resnet_clear; confidence=0.952004; left_prob=0.047996; right_prob=0.952004; quality=0.919697; mean_gray=121.64; std_gray=54.35; mean_sat=74.57; area=0.3129
425,batch_004,125,../bee_direction_labeled_batch004_200/images/batch_004_125.jpg,head_right,83.246765,/root/autodl-tmp/bee_track/deep_sort_pytorch/deep_sort/deep/data/train_20260501_sam_mask_soft_v2/001970/BEE24-35_001119_det05_tr0010.jpg,auto_high_conf_binary_resnet_clear; confidence=0.981131; left_prob=0.018869; right_prob=0.981131; quality=0.883001; mean_gray=107.23; std_gray=47.51; mean_sat=99.50; area=0.3616
426,batch_004,126,../bee_direction_labeled_batch004_200/images/batch_004_126.jpg,head_right,29.186756,/root/autodl-tmp/bee_track/deep_sort_pytorch/deep_sort/deep/data/train_20260501_sam_mask_soft_v2/001988/BEE24-35_000719_det09_tr0006.jpg,auto_high_conf_binary_resnet_clear; confidence=0.951277; left_prob=0.048723; right_prob=0.951277; quality=0.918790; mean_gray=107.94; std_gray=48.28; mean_sat=93.45; area=0.3166
427,batch_004,127,../bee_direction_labeled_batch004_200/images/batch_004_127.jpg,head_right,32.987549,/root/autodl-tmp/bee_track/deep_sort_pytorch/deep_sort/deep/data/train_20260501_sam_mask_soft_v2/002008/BEE24-35_001123_det10_tr0014.jpg,auto_high_conf_binary_resnet_clear; confidence=0.976618; left_prob=0.023382; right_prob=0.976618; quality=0.884361; mean_gray=91.16; std_gray=42.88; mean_sat=118.05; area=0.2588
428,batch_004,128,../bee_direction_labeled_batch004_200/images/batch_004_128.jpg,head_right,22.525627,/root/autodl-tmp/bee_track/deep_sort_pytorch/deep_sort/deep/data/train_20260501_sam_mask_soft_v2/002075/BEE24-35_002682_det07_tr0016.jpg,auto_high_conf_binary_resnet_clear; confidence=0.920173; left_prob=0.079827; right_prob=0.920173; quality=0.953139; mean_gray=107.29; std_gray=48.91; mean_sat=97.76; area=0.2642
429,batch_004,129,../bee_direction_labeled_batch004_200/images/batch_004_129.jpg,head_right,7.982466,/root/autodl-tmp/bee_track/deep_sort_pytorch/deep_sort/deep/data/train_20260501_sam_mask_soft_v2/002002/BEE24-35_001055_det10_tr0020.jpg,auto_high_conf_binary_resnet_clear; confidence=0.986019; left_prob=0.013981; right_prob=0.986019; quality=0.872340; mean_gray=107.00; std_gray=50.29; mean_sat=87.72; area=0.3817
430,batch_004,130,../bee_direction_labeled_batch004_200/images/batch_004_130.jpg,head_right,17.207483,/root/autodl-tmp/bee_track/deep_sort_pytorch/deep_sort/deep/data/train_20260501_sam_mask_soft_v2/002163/BEE24-35_004271_det08_tr0013.jpg,auto_high_conf_binary_resnet_clear; confidence=0.957111; left_prob=0.042889; right_prob=0.957111; quality=0.907213; mean_gray=100.38; std_gray=48.00; mean_sat=83.09; area=0.3095
431,batch_004,131,../bee_direction_labeled_batch004_200/images/batch_004_131.jpg,head_right,64.014809,/root/autodl-tmp/bee_track/deep_sort_pytorch/deep_sort/deep/data/train_20260501_sam_mask_soft_v2/002037/BEE24-35_001826_det10_tr0004.jpg,auto_high_conf_binary_resnet_clear; confidence=0.926649; left_prob=0.073351; right_prob=0.926649; quality=0.942207; mean_gray=141.82; std_gray=44.00; mean_sat=76.61; area=0.2464
432,batch_004,132,../bee_direction_labeled_batch004_200/images/batch_004_132.jpg,head_right,57.498013,/root/autodl-tmp/bee_track/deep_sort_pytorch/deep_sort/deep/data/train_20260501_sam_mask_soft_v2/002084/BEE24-35_002878_det07_tr0017.jpg,auto_high_conf_binary_resnet_clear; confidence=0.954378; left_prob=0.045622; right_prob=0.954378; quality=0.906129; mean_gray=98.44; std_gray=45.92; mean_sat=126.47; area=0.2826
433,batch_004,133,../bee_direction_labeled_batch004_200/images/batch_004_133.jpg,head_right,10.644987,/root/autodl-tmp/bee_track/deep_sort_pytorch/deep_sort/deep/data/train_20260501_sam_mask_soft_v2/002031/BEE24-35_001620_det10_tr0022.jpg,auto_high_conf_binary_resnet_clear; confidence=0.977347; left_prob=0.022653; right_prob=0.977347; quality=0.875723; mean_gray=96.95; std_gray=45.14; mean_sat=103.61; area=0.3141
434,batch_004,134,../bee_direction_labeled_batch004_200/images/batch_004_134.jpg,head_right,28.940575,/root/autodl-tmp/bee_track/deep_sort_pytorch/deep_sort/deep/data/train_20260501_sam_mask_soft_v2/002018/BEE24-35_001354_det10_tr0014.jpg,auto_high_conf_binary_resnet_clear; confidence=0.981973; left_prob=0.018027; right_prob=0.981973; quality=0.869760; mean_gray=90.20; std_gray=43.92; mean_sat=112.39; area=0.2884
435,batch_004,135,../bee_direction_labeled_batch004_200/images/batch_004_135.jpg,head_right,32.465733,/root/autodl-tmp/bee_track/deep_sort_pytorch/deep_sort/deep/data/train_20260501_sam_mask_soft_v2/002139/BEE24-35_003931_det08_tr0017.jpg,auto_high_conf_binary_resnet_clear; confidence=0.978609; left_prob=0.021391; right_prob=0.978609; quality=0.873263; mean_gray=95.46; std_gray=45.04; mean_sat=102.23; area=0.3119
436,batch_004,136,../bee_direction_labeled_batch004_200/images/batch_004_136.jpg,head_right,131.259003,/root/autodl-tmp/bee_track/deep_sort_pytorch/deep_sort/deep/data/train_20260501_sam_mask_soft_v2/001899/BEE24-33_003055_det24_tr0019.jpg,auto_high_conf_binary_resnet_clear; confidence=0.993501; left_prob=0.006499; right_prob=0.993501; quality=0.853754; mean_gray=99.04; std_gray=43.94; mean_sat=121.41; area=0.3402
437,batch_004,137,../bee_direction_labeled_batch004_200/images/batch_004_137.jpg,head_right,33.644989,/root/autodl-tmp/bee_track/deep_sort_pytorch/deep_sort/deep/data/train_20260501_sam_mask_soft_v2/002121/BEE24-35_003498_det09_tr0015.jpg,auto_high_conf_binary_resnet_clear; confidence=0.988020; left_prob=0.011980; right_prob=0.988020; quality=0.860348; mean_gray=87.81; std_gray=47.79; mean_sat=111.63; area=0.3359
438,batch_004,138,../bee_direction_labeled_batch004_200/images/batch_004_138.jpg,head_right,42.658562,/root/autodl-tmp/bee_track/deep_sort_pytorch/deep_sort/deep/data/train_20260501_sam_mask_soft_v2/001983/BEE24-35_000332_det10_tr0016.jpg,auto_high_conf_binary_resnet_clear; confidence=0.957180; left_prob=0.042820; right_prob=0.957180; quality=0.897489; mean_gray=92.53; std_gray=50.80; mean_sat=102.25; area=0.2987
439,batch_004,139,../bee_direction_labeled_batch004_200/images/batch_004_139.jpg,head_right,-29.812534,/root/autodl-tmp/bee_track/deep_sort_pytorch/deep_sort/deep/data/train_20260501_sam_mask_soft_v2/002189/BEE24-35_004974_det08_tr0016.jpg,auto_high_conf_binary_resnet_clear; confidence=0.967558; left_prob=0.032442; right_prob=0.967558; quality=0.883727; mean_gray=103.00; std_gray=48.94; mean_sat=114.11; area=0.3523
440,batch_004,140,../bee_direction_labeled_batch004_200/images/batch_004_140.jpg,head_right,1.222167,/root/autodl-tmp/bee_track/deep_sort_pytorch/deep_sort/deep/data/train_20260501_sam_mask_soft_v2/001693/BEE24-33_004888_det14_tr0019.jpg,auto_high_conf_binary_resnet_clear; confidence=0.971317; left_prob=0.028683; right_prob=0.971317; quality=0.876999; mean_gray=86.13; std_gray=45.26; mean_sat=140.31; area=0.2790
441,batch_004,141,../bee_direction_labeled_batch004_200/images/batch_004_141.jpg,head_right,-0.336278,/root/autodl-tmp/bee_track/deep_sort_pytorch/deep_sort/deep/data/train_20260501_sam_mask_soft_v2/000828/BEE24-33_001142_det10_tr0009.jpg,auto_high_conf_binary_resnet_clear; confidence=0.993197; left_prob=0.006803; right_prob=0.993197; quality=0.848530; mean_gray=92.43; std_gray=42.43; mean_sat=138.86; area=0.3106
442,batch_004,142,../bee_direction_labeled_batch004_200/images/batch_004_142.jpg,head_right,17.637444,/root/autodl-tmp/bee_track/deep_sort_pytorch/deep_sort/deep/data/train_20260501_sam_mask_soft_v2/002186/BEE24-35_004874_det08_tr0019.jpg,auto_high_conf_binary_resnet_clear; confidence=0.951829; left_prob=0.048171; right_prob=0.951829; quality=0.898838; mean_gray=102.53; std_gray=46.16; mean_sat=99.63; area=0.3089
443,batch_004,143,../bee_direction_labeled_batch004_200/images/batch_004_143.jpg,head_right,35.542152,/root/autodl-tmp/bee_track/deep_sort_pytorch/deep_sort/deep/data/train_20260501_sam_mask_soft_v2/002160/BEE24-35_004228_det08_tr0016.jpg,auto_high_conf_binary_resnet_clear; confidence=0.976777; left_prob=0.023223; right_prob=0.976777; quality=0.866925; mean_gray=83.17; std_gray=46.00; mean_sat=76.57; area=0.2766
444,batch_004,144,../bee_direction_labeled_batch004_200/images/batch_004_144.jpg,head_right,68.140335,/root/autodl-tmp/bee_track/deep_sort_pytorch/deep_sort/deep/data/train_20260501_sam_mask_soft_v2/002185/BEE24-35_004789_det08_tr0014.jpg,auto_high_conf_binary_resnet_clear; confidence=0.955964; left_prob=0.044036; right_prob=0.955964; quality=0.888492; mean_gray=99.76; std_gray=44.02; mean_sat=94.37; area=0.2924
445,batch_004,145,../bee_direction_labeled_batch004_200/images/batch_004_145.jpg,head_right,-8.609872,/root/autodl-tmp/bee_track/deep_sort_pytorch/deep_sort/deep/data/train_20260501_sam_mask_soft_v2/002125/BEE24-35_003664_det09_tr0014.jpg,auto_high_conf_binary_resnet_clear; confidence=0.935318; left_prob=0.064682; right_prob=0.935318; quality=0.913720; mean_gray=116.81; std_gray=52.58; mean_sat=71.81; area=0.3090
446,batch_004,146,../bee_direction_labeled_batch004_200/images/batch_004_146.jpg,head_right,-20.995258,/root/autodl-tmp/bee_track/deep_sort_pytorch/deep_sort/deep/data/train_20260501_sam_mask_soft_v2/002055/BEE24-35_002184_det07_tr0004.jpg,auto_high_conf_binary_resnet_clear; confidence=0.927702; left_prob=0.072298; right_prob=0.927702; quality=0.922367; mean_gray=124.62; std_gray=56.50; mean_sat=82.76; area=0.3339
447,batch_004,147,../bee_direction_labeled_batch004_200/images/batch_004_147.jpg,head_right,13.504238,/root/autodl-tmp/bee_track/deep_sort_pytorch/deep_sort/deep/data/train_20260501_sam_mask_soft_v2/002191/BEE24-35_004975_det09_tr0021.jpg,auto_high_conf_binary_resnet_clear; confidence=0.986249; left_prob=0.013751; right_prob=0.986249; quality=0.847831; mean_gray=101.48; std_gray=47.86; mean_sat=71.09; area=0.3577
448,batch_004,148,../bee_direction_labeled_batch004_200/images/batch_004_148.jpg,head_right,62.866520,/root/autodl-tmp/bee_track/deep_sort_pytorch/deep_sort/deep/data/train_20260501_sam_mask_soft_v2/002058/BEE24-35_002256_det08_tr0005.jpg,auto_high_conf_binary_resnet_clear; confidence=0.989241; left_prob=0.010759; right_prob=0.989241; quality=0.841390; mean_gray=87.38; std_gray=46.90; mean_sat=105.72; area=0.3528
449,batch_004,149,../bee_direction_labeled_batch004_200/images/batch_004_149.jpg,head_right,63.488846,/root/autodl-tmp/bee_track/deep_sort_pytorch/deep_sort/deep/data/train_20260501_sam_mask_soft_v2/002020/BEE24-35_001406_det10_tr0006.jpg,auto_high_conf_binary_resnet_clear; confidence=0.974309; left_prob=0.025691; right_prob=0.974309; quality=0.858188; mean_gray=88.11; std_gray=40.61; mean_sat=122.02; area=0.2632
450,batch_004,150,../bee_direction_labeled_batch004_200/images/batch_004_150.jpg,head_right,8.609466,/root/autodl-tmp/bee_track/deep_sort_pytorch/deep_sort/deep/data/train_20260501_sam_mask_soft_v2/002091/BEE24-35_002956_det08_tr0004.jpg,auto_high_conf_binary_resnet_clear; confidence=0.986307; left_prob=0.013693; right_prob=0.986307; quality=0.843506; mean_gray=91.60; std_gray=47.51; mean_sat=111.76; area=0.3696
451,batch_004,151,../bee_direction_labeled_batch004_200/images/batch_004_151.jpg,head_right,14.481247,/root/autodl-tmp/bee_track/deep_sort_pytorch/deep_sort/deep/data/train_20260501_sam_mask_soft_v2/001985/BEE24-35_000492_det08_tr0011.jpg,auto_high_conf_binary_resnet_clear; confidence=0.991879; left_prob=0.008121; right_prob=0.991879; quality=0.835024; mean_gray=80.27; std_gray=45.23; mean_sat=122.38; area=0.3216
452,batch_004,152,../bee_direction_labeled_batch004_200/images/batch_004_152.jpg,head_right,4.296775,/root/autodl-tmp/bee_track/deep_sort_pytorch/deep_sort/deep/data/train_20260501_sam_mask_soft_v2/000793/BEE24-33_000258_det30_tr0007.jpg,auto_high_conf_binary_resnet_clear; confidence=0.973888; left_prob=0.026112; right_prob=0.973888; quality=0.850847; mean_gray=93.97; std_gray=44.44; mean_sat=126.52; area=0.3337
453,batch_004,153,../bee_direction_labeled_batch004_200/images/batch_004_153.jpg,head_right,99.654114,/root/autodl-tmp/bee_track/deep_sort_pytorch/deep_sort/deep/data/train_20260501_sam_mask_soft_v2/001041/BEE24-33_002031_det04_tr0008.jpg,auto_high_conf_binary_resnet_clear; confidence=0.979714; left_prob=0.020286; right_prob=0.979714; quality=0.840334; mean_gray=83.06; std_gray=40.84; mean_sat=151.84; area=0.2758
454,batch_004,154,../bee_direction_labeled_batch004_200/images/batch_004_154.jpg,head_right,15.867741,/root/autodl-tmp/bee_track/deep_sort_pytorch/deep_sort/deep/data/train_20260501_sam_mask_soft_v2/002175/BEE24-35_004500_det09_tr0008.jpg,auto_high_conf_binary_resnet_clear; confidence=0.966362; left_prob=0.033638; right_prob=0.966362; quality=0.854531; mean_gray=97.30; std_gray=53.13; mean_sat=119.57; area=0.3769
455,batch_004,155,../bee_direction_labeled_batch004_200/images/batch_004_155.jpg,head_right,29.730307,/root/autodl-tmp/bee_track/deep_sort_pytorch/deep_sort/deep/data/train_20260501_sam_mask_soft_v2/001804/BEE24-33_001741_det13_tr0016.jpg,auto_high_conf_binary_resnet_clear; confidence=0.958775; left_prob=0.041225; right_prob=0.958775; quality=0.860547; mean_gray=89.90; std_gray=43.14; mean_sat=137.23; area=0.2925
456,batch_004,156,../bee_direction_labeled_batch004_200/images/batch_004_156.jpg,head_right,0.547654,/root/autodl-tmp/bee_track/deep_sort_pytorch/deep_sort/deep/data/train_20260501_sam_mask_soft_v2/002105/BEE24-35_003222_det11_tr0003.jpg,auto_high_conf_binary_resnet_clear; confidence=0.975101; left_prob=0.024899; right_prob=0.975101; quality=0.839945; mean_gray=92.69; std_gray=45.60; mean_sat=108.20; area=0.3580
457,batch_004,157,../bee_direction_labeled_batch004_200/images/batch_004_157.jpg,head_right,40.312458,/root/autodl-tmp/bee_track/deep_sort_pytorch/deep_sort/deep/data/train_20260501_sam_mask_soft_v2/002043/BEE24-35_001970_det08_tr0011.jpg,auto_high_conf_binary_resnet_clear; confidence=0.963070; left_prob=0.036930; right_prob=0.963070; quality=0.854497; mean_gray=86.67; std_gray=46.02; mean_sat=105.37; area=0.3219
458,batch_004,158,../bee_direction_labeled_batch004_200/images/batch_004_158.jpg,head_right,17.474089,/root/autodl-tmp/bee_track/deep_sort_pytorch/deep_sort/deep/data/train_20260501_sam_mask_soft_v2/002188/BEE24-35_004944_det08_tr0023.jpg,auto_high_conf_binary_resnet_clear; confidence=0.918656; left_prob=0.081344; right_prob=0.918656; quality=0.908541; mean_gray=95.40; std_gray=50.77; mean_sat=88.75; area=0.2916
459,batch_004,159,../bee_direction_labeled_batch004_200/images/batch_004_159.jpg,head_right,33.722340,/root/autodl-tmp/bee_track/deep_sort_pytorch/deep_sort/deep/data/train_20260501_sam_mask_soft_v2/002038/BEE24-35_001889_det08_tr0023.jpg,auto_high_conf_binary_resnet_clear; confidence=0.949433; left_prob=0.050567; right_prob=0.949433; quality=0.864582; mean_gray=106.97; std_gray=40.86; mean_sat=90.62; area=0.3166
460,batch_004,160,../bee_direction_labeled_batch004_200/images/batch_004_160.jpg,head_right,3.156320,/root/autodl-tmp/bee_track/deep_sort_pytorch/deep_sort/deep/data/train_20260501_sam_mask_soft_v2/001972/BEE24-35_000002_det08_tr0000.jpg,auto_high_conf_binary_resnet_clear; confidence=0.926976; left_prob=0.073024; right_prob=0.926976; quality=0.889232; mean_gray=106.81; std_gray=48.36; mean_sat=89.39; area=0.3564
461,batch_004,161,../bee_direction_labeled_batch004_200/images/batch_004_161.jpg,head_right,82.192757,/root/autodl-tmp/bee_track/deep_sort_pytorch/deep_sort/deep/data/train_20260501_sam_mask_soft_v2/002115/BEE24-35_004778_det05_tr0020.jpg,auto_high_conf_binary_resnet_clear; confidence=0.966281; left_prob=0.033719; right_prob=0.966281; quality=0.839253; mean_gray=92.45; std_gray=44.60; mean_sat=115.43; area=0.3475
462,batch_004,162,../bee_direction_labeled_batch004_200/images/batch_004_162.jpg,head_right,13.238433,/root/autodl-tmp/bee_track/deep_sort_pytorch/deep_sort/deep/data/train_20260501_sam_mask_soft_v2/002047/BEE24-35_002004_det09_tr0008.jpg,auto_high_conf_binary_resnet_clear; confidence=0.901506; left_prob=0.098494; right_prob=0.901506; quality=0.915287; mean_gray=106.30; std_gray=58.18; mean_sat=84.20; area=0.3165
463,batch_004,163,../bee_direction_labeled_batch004_200/images/batch_004_163.jpg,head_right,-32.575928,/root/autodl-tmp/bee_track/deep_sort_pytorch/deep_sort/deep/data/train_20260501_sam_mask_soft_v2/000815/BEE24-33_000302_det21_tr0005.jpg,auto_high_conf_binary_resnet_clear; confidence=0.947429; left_prob=0.052571; right_prob=0.947429; quality=0.858318; mean_gray=84.09; std_gray=45.47; mean_sat=128.42; area=0.3022
464,batch_004,164,../bee_direction_labeled_batch004_200/images/batch_004_164.jpg,head_right,17.528479,/root/autodl-tmp/bee_track/deep_sort_pytorch/deep_sort/deep/data/train_20260501_sam_mask_soft_v2/002026/BEE24-35_001538_det11_tr0005.jpg,auto_high_conf_binary_resnet_clear; confidence=0.937292; left_prob=0.062708; right_prob=0.937292; quality=0.869752; mean_gray=96.43; std_gray=45.11; mean_sat=104.52; area=0.3208
465,batch_004,165,../bee_direction_labeled_batch004_200/images/batch_004_165.jpg,head_right,60.221153,/root/autodl-tmp/bee_track/deep_sort_pytorch/deep_sort/deep/data/train_20260501_sam_mask_soft_v2/002032/BEE24-35_001623_det10_tr0023.jpg,auto_high_conf_binary_resnet_clear; confidence=0.920883; left_prob=0.079117; right_prob=0.920883; quality=0.889460; mean_gray=97.71; std_gray=44.35; mean_sat=102.76; area=0.2879
466,batch_004,166,../bee_direction_labeled_batch004_200/images/batch_004_166.jpg,head_right,-28.891422,/root/autodl-tmp/bee_track/deep_sort_pytorch/deep_sort/deep/data/train_20260501_sam_mask_soft_v2/001526/BEE24-33_003723_det39_tr0018.jpg,auto_high_conf_binary_resnet_clear; confidence=0.957516; left_prob=0.042484; right_prob=0.957516; quality=0.844591; mean_gray=82.49; std_gray=43.92; mean_sat=149.51; area=0.3006
467,batch_004,167,../bee_direction_labeled_batch004_200/images/batch_004_167.jpg,head_right,18.620333,/root/autodl-tmp/bee_track/deep_sort_pytorch/deep_sort/deep/data/train_20260501_sam_mask_soft_v2/002167/BEE24-35_004360_det09_tr0008.jpg,auto_high_conf_binary_resnet_clear; confidence=0.974510; left_prob=0.025490; right_prob=0.974510; quality=0.822092; mean_gray=78.24; std_gray=47.33; mean_sat=94.55; area=0.3566
468,batch_004,168,../bee_direction_labeled_batch004_200/images/batch_004_168.jpg,head_right,18.264597,/root/autodl-tmp/bee_track/deep_sort_pytorch/deep_sort/deep/data/train_20260501_sam_mask_soft_v2/001993/BEE24-35_000830_det08_tr0019.jpg,auto_high_conf_binary_resnet_clear; confidence=0.918505; left_prob=0.081494; right_prob=0.918505; quality=0.890190; mean_gray=82.48; std_gray=48.98; mean_sat=80.48; area=0.2774
469,batch_004,169,../bee_direction_labeled_batch004_200/images/batch_004_169.jpg,head_right,2.990513,/root/autodl-tmp/bee_track/deep_sort_pytorch/deep_sort/deep/data/train_20260501_sam_mask_soft_v2/000782/BEE24-33_000345_det08_tr0020.jpg,auto_high_conf_binary_resnet_clear; confidence=0.911570; left_prob=0.088430; right_prob=0.911570; quality=0.898519; mean_gray=96.71; std_gray=42.07; mean_sat=86.28; area=0.1929
470,batch_004,170,../bee_direction_labeled_batch004_200/images/batch_004_170.jpg,head_right,-31.447720,/root/autodl-tmp/bee_track/deep_sort_pytorch/deep_sort/deep/data/train_20260501_sam_mask_soft_v2/001826/BEE24-33_001709_det31_tr0001.jpg,auto_high_conf_binary_resnet_clear; confidence=0.983991; left_prob=0.016009; right_prob=0.983991; quality=0.807319; mean_gray=87.82; std_gray=42.85; mean_sat=138.47; area=0.3608
471,batch_004,171,../bee_direction_labeled_batch004_200/images/batch_004_171.jpg,head_right,-16.533514,/root/autodl-tmp/bee_track/deep_sort_pytorch/deep_sort/deep/data/train_20260501_sam_mask_soft_v2/001630/BEE24-33_001721_det00_tr0019.jpg,auto_high_conf_binary_resnet_clear; confidence=0.924097; left_prob=0.075903; right_prob=0.924097; quality=0.879916; mean_gray=92.24; std_gray=42.24; mean_sat=123.78; area=0.2619
472,batch_004,172,../bee_direction_labeled_batch004_200/images/batch_004_172.jpg,head_right,26.461807,/root/autodl-tmp/bee_track/deep_sort_pytorch/deep_sort/deep/data/train_20260501_sam_mask_soft_v2/001316/BEE24-33_002683_det31_tr0005.jpg,auto_high_conf_binary_resnet_clear; confidence=0.968465; left_prob=0.031535; right_prob=0.968465; quality=0.824863; mean_gray=80.20; std_gray=41.08; mean_sat=151.20; area=0.2919
473,batch_004,173,../bee_direction_labeled_batch004_200/images/batch_004_173.jpg,head_right,10.198355,/root/autodl-tmp/bee_track/deep_sort_pytorch/deep_sort/deep/data/train_20260501_sam_mask_soft_v2/000920/BEE24-33_001167_det37_tr0017.jpg,auto_high_conf_binary_resnet_clear; confidence=0.951508; left_prob=0.048492; right_prob=0.951508; quality=0.845342; mean_gray=86.89; std_gray=41.14; mean_sat=142.63; area=0.2838
474,batch_004,174,../bee_direction_labeled_batch004_200/images/batch_004_174.jpg,head_right,-6.239610,/root/autodl-tmp/bee_track/deep_sort_pytorch/deep_sort/deep/data/train_20260501_sam_mask_soft_v2/002114/BEE24-35_003409_det09_tr0011.jpg,auto_high_conf_binary_resnet_clear; confidence=0.944169; left_prob=0.055831; right_prob=0.944169; quality=0.853898; mean_gray=112.48; std_gray=52.63; mean_sat=119.56; area=0.4262
475,batch_004,175,../bee_direction_labeled_batch004_200/images/batch_004_175.jpg,head_right,37.198776,/root/autodl-tmp/bee_track/deep_sort_pytorch/deep_sort/deep/data/train_20260501_sam_mask_soft_v2/002096/BEE24-35_003258_det07_tr0009.jpg,auto_high_conf_binary_resnet_clear; confidence=0.925047; left_prob=0.074953; right_prob=0.925047; quality=0.876702; mean_gray=97.79; std_gray=43.85; mean_sat=101.96; area=0.3016
476,batch_004,176,../bee_direction_labeled_batch004_200/images/batch_004_176.jpg,head_right,-34.386742,/root/autodl-tmp/bee_track/deep_sort_pytorch/deep_sort/deep/data/train_20260501_sam_mask_soft_v2/001780/BEE24-33_004977_det36_tr0006.jpg,auto_high_conf_binary_resnet_clear; confidence=0.970443; left_prob=0.029557; right_prob=0.970443; quality=0.821027; mean_gray=81.69; std_gray=38.65; mean_sat=146.82; area=0.2763
477,batch_004,177,../bee_direction_labeled_batch004_200/images/batch_004_177.jpg,head_right,55.554398,/root/autodl-tmp/bee_track/deep_sort_pytorch/deep_sort/deep/data/train_20260501_sam_mask_soft_v2/002027/BEE24-35_001572_det09_tr0008.jpg,auto_high_conf_binary_resnet_clear; confidence=0.979390; left_prob=0.020610; right_prob=0.979390; quality=0.809948; mean_gray=86.70; std_gray=46.89; mean_sat=132.51; area=0.3967
478,batch_004,178,../bee_direction_labeled_batch004_200/images/batch_004_178.jpg,head_right,-10.426271,/root/autodl-tmp/bee_track/deep_sort_pytorch/deep_sort/deep/data/train_20260501_sam_mask_soft_v2/001656/BEE24-33_002545_det00_tr0013.jpg,auto_high_conf_binary_resnet_clear; confidence=0.978558; left_prob=0.021442; right_prob=0.978558; quality=0.805478; mean_gray=84.26; std_gray=41.09; mean_sat=141.29; area=0.3333
479,batch_004,179,../bee_direction_labeled_batch004_200/images/batch_004_179.jpg,head_right,67.884232,/root/autodl-tmp/bee_track/deep_sort_pytorch/deep_sort/deep/data/train_20260501_sam_mask_soft_v2/000764/BEE24-33_001006_det16_tr0017.jpg,auto_high_conf_binary_resnet_clear; confidence=0.905396; left_prob=0.094604; right_prob=0.905396; quality=0.892146; mean_gray=93.73; std_gray=43.25; mean_sat=148.18; area=0.2596
480,batch_004,180,../bee_direction_labeled_batch004_200/images/batch_004_180.jpg,head_right,32.853416,/root/autodl-tmp/bee_track/deep_sort_pytorch/deep_sort/deep/data/train_20260501_sam_mask_soft_v2/001998/BEE24-35_000874_det11_tr0014.jpg,auto_high_conf_binary_resnet_clear; confidence=0.979800; left_prob=0.020200; right_prob=0.979800; quality=0.800212; mean_gray=77.51; std_gray=43.74; mean_sat=113.63; area=0.3479
481,batch_004,181,../bee_direction_labeled_batch004_200/images/batch_004_181.jpg,head_right,-41.154297,/root/autodl-tmp/bee_track/deep_sort_pytorch/deep_sort/deep/data/train_20260501_sam_mask_soft_v2/000672/BEE24-33_000835_det35_tr0002.jpg,auto_high_conf_binary_resnet_clear; confidence=0.961380; left_prob=0.038620; right_prob=0.961380; quality=0.822682; mean_gray=78.47; std_gray=39.42; mean_sat=134.96; area=0.2718
482,batch_004,182,../bee_direction_labeled_batch004_200/images/batch_004_182.jpg,head_right,-17.987007,/root/autodl-tmp/bee_track/deep_sort_pytorch/deep_sort/deep/data/train_20260501_sam_mask_soft_v2/002174/BEE24-35_004506_det08_tr0010.jpg,auto_high_conf_binary_resnet_clear; confidence=0.956201; left_prob=0.043799; right_prob=0.956201; quality=0.828705; mean_gray=87.85; std_gray=46.10; mean_sat=103.61; area=0.3644
483,batch_004,183,../bee_direction_labeled_batch004_200/images/batch_004_183.jpg,head_right,43.540649,/root/autodl-tmp/bee_track/deep_sort_pytorch/deep_sort/deep/data/train_20260501_sam_mask_soft_v2/002064/BEE24-35_002354_det08_tr0005.jpg,auto_high_conf_binary_resnet_clear; confidence=0.960924; left_prob=0.039076; right_prob=0.960924; quality=0.822742; mean_gray=81.73; std_gray=42.75; mean_sat=114.45; area=0.3178
484,batch_004,184,../bee_direction_labeled_batch004_200/images/batch_004_184.jpg,head_right,22.033005,/root/autodl-tmp/bee_track/deep_sort_pytorch/deep_sort/deep/data/train_20260501_sam_mask_soft_v2/001874/BEE24-33_002120_det28_tr0006.jpg,auto_high_conf_binary_resnet_clear; confidence=0.959499; left_prob=0.040501; right_prob=0.959499; quality=0.823161; mean_gray=91.37; std_gray=42.10; mean_sat=130.80; area=0.3409
485,batch_004,185,../bee_direction_labeled_batch004_200/images/batch_004_185.jpg,head_right,-27.352417,/root/autodl-tmp/bee_track/deep_sort_pytorch/deep_sort/deep/data/train_20260501_sam_mask_soft_v2/001850/BEE24-33_001756_det26_tr0009.jpg,auto_high_conf_binary_resnet_clear; confidence=0.911838; left_prob=0.088162; right_prob=0.911838; quality=0.880155; mean_gray=97.51; std_gray=44.57; mean_sat=129.03; area=0.3033
486,batch_004,186,../bee_direction_labeled_batch004_200/images/batch_004_186.jpg,head_right,30.968206,/root/autodl-tmp/bee_track/deep_sort_pytorch/deep_sort/deep/data/train_20260501_sam_mask_soft_v2/001943/BEE24-33_004043_det21_tr0018.jpg,auto_high_conf_binary_resnet_clear; confidence=0.951223; left_prob=0.048777; right_prob=0.951223; quality=0.828568; mean_gray=82.30; std_gray=41.69; mean_sat=138.06; area=0.2997
487,batch_004,187,../bee_direction_labeled_batch004_200/images/batch_004_187.jpg,head_right,0.238609,/root/autodl-tmp/bee_track/deep_sort_pytorch/deep_sort/deep/data/train_20260501_sam_mask_soft_v2/001302/BEE24-33_002682_det19_tr0007.jpg,auto_high_conf_binary_resnet_clear; confidence=0.976970; left_prob=0.023030; right_prob=0.976970; quality=0.795968; mean_gray=80.66; std_gray=39.83; mean_sat=144.68; area=0.3224
488,batch_004,188,../bee_direction_labeled_batch004_200/images/batch_004_188.jpg,head_right,-24.120302,/root/autodl-tmp/bee_track/deep_sort_pytorch/deep_sort/deep/data/train_20260501_sam_mask_soft_v2/001198/BEE24-33_002384_det26_tr0005.jpg,auto_high_conf_binary_resnet_clear; confidence=0.964377; left_prob=0.035623; right_prob=0.964377; quality=0.809438; mean_gray=77.16; std_gray=35.03; mean_sat=151.77; area=0.2402
489,batch_004,189,../bee_direction_labeled_batch004_200/images/batch_004_189.jpg,head_right,22.073494,/root/autodl-tmp/bee_track/deep_sort_pytorch/deep_sort/deep/data/train_20260501_sam_mask_soft_v2/002147/BEE24-35_004093_det08_tr0016.jpg,auto_high_conf_binary_resnet_clear; confidence=0.924130; left_prob=0.075870; right_prob=0.924130; quality=0.858612; mean_gray=93.98; std_gray=45.45; mean_sat=103.37; area=0.3331
490,batch_004,190,../bee_direction_labeled_batch004_200/images/batch_004_190.jpg,head_right,-34.641510,/root/autodl-tmp/bee_track/deep_sort_pytorch/deep_sort/deep/data/train_20260501_sam_mask_soft_v2/000648/BEE24-33_000138_det20_tr0002.jpg,auto_high_conf_binary_resnet_clear; confidence=0.965109; left_prob=0.034891; right_prob=0.965109; quality=0.808364; mean_gray=81.65; std_gray=37.01; mean_sat=122.21; area=0.2772
491,batch_004,191,../bee_direction_labeled_batch004_200/images/batch_004_191.jpg,head_right,114.905975,/root/autodl-tmp/bee_track/deep_sort_pytorch/deep_sort/deep/data/train_20260501_sam_mask_soft_v2/001982/BEE24-35_000269_det07_tr0011.jpg,auto_high_conf_binary_resnet_clear; confidence=0.969030; left_prob=0.030970; right_prob=0.969030; quality=0.803274; mean_gray=65.18; std_gray=41.75; mean_sat=108.84; area=0.2828
492,batch_004,192,../bee_direction_labeled_batch004_200/images/batch_004_192.jpg,head_right,71.002869,/root/autodl-tmp/bee_track/deep_sort_pytorch/deep_sort/deep/data/train_20260501_sam_mask_soft_v2/002009/BEE24-35_001154_det09_tr0014.jpg,auto_high_conf_binary_resnet_clear; confidence=0.931604; left_prob=0.068396; right_prob=0.931604; quality=0.847963; mean_gray=87.95; std_gray=45.02; mean_sat=111.13; area=0.3249
493,batch_004,193,../bee_direction_labeled_batch004_200/images/batch_004_193.jpg,head_right,98.153694,/root/autodl-tmp/bee_track/deep_sort_pytorch/deep_sort/deep/data/train_20260501_sam_mask_soft_v2/000673/BEE24-33_000765_det19_tr0009.jpg,auto_high_conf_binary_resnet_clear; confidence=0.963491; left_prob=0.036509; right_prob=0.963491; quality=0.800609; mean_gray=82.56; std_gray=39.45; mean_sat=131.74; area=0.3176
494,batch_004,194,../bee_direction_labeled_batch004_200/images/batch_004_194.jpg,head_right,-44.472080,/root/autodl-tmp/bee_track/deep_sort_pytorch/deep_sort/deep/data/train_20260501_sam_mask_soft_v2/000915/BEE24-33_000500_det02_tr0017.jpg,auto_high_conf_binary_resnet_clear; confidence=0.988197; left_prob=0.011803; right_prob=0.988197; quality=0.766666; mean_gray=76.39; std_gray=36.59; mean_sat=118.34; area=0.3171
495,batch_004,195,../bee_direction_labeled_batch004_200/images/batch_004_195.jpg,head_right,4.226591,/root/autodl-tmp/bee_track/deep_sort_pytorch/deep_sort/deep/data/train_20260501_sam_mask_soft_v2/001732/BEE24-33_004812_det40_tr0013.jpg,auto_high_conf_binary_resnet_clear; confidence=0.978754; left_prob=0.021246; right_prob=0.978754; quality=0.777144; mean_gray=71.89; std_gray=35.90; mean_sat=132.45; area=0.2800
496,batch_004,196,../bee_direction_labeled_batch004_200/images/batch_004_196.jpg,head_right,-20.975470,/root/autodl-tmp/bee_track/deep_sort_pytorch/deep_sort/deep/data/train_20260501_sam_mask_soft_v2/001070/BEE24-33_001944_det14_tr0023.jpg,auto_high_conf_binary_resnet_clear; confidence=0.975272; left_prob=0.024728; right_prob=0.975272; quality=0.779332; mean_gray=83.65; std_gray=36.74; mean_sat=136.48; area=0.3233
497,batch_004,197,../bee_direction_labeled_batch004_200/images/batch_004_197.jpg,head_right,26.490313,/root/autodl-tmp/bee_track/deep_sort_pytorch/deep_sort/deep/data/train_20260501_sam_mask_soft_v2/001896/BEE24-33_003582_det04_tr0016.jpg,auto_high_conf_binary_resnet_clear; confidence=0.937063; left_prob=0.062937; right_prob=0.937063; quality=0.825487; mean_gray=87.07; std_gray=41.40; mean_sat=136.26; area=0.3163
498,batch_004,198,../bee_direction_labeled_batch004_200/images/batch_004_198.jpg,head_right,-34.703110,/root/autodl-tmp/bee_track/deep_sort_pytorch/deep_sort/deep/data/train_20260501_sam_mask_soft_v2/001362/BEE24-33_002880_det28_tr0023.jpg,auto_high_conf_binary_resnet_clear; confidence=0.935122; left_prob=0.064878; right_prob=0.935122; quality=0.827357; mean_gray=90.08; std_gray=40.75; mean_sat=144.68; area=0.3162
499,batch_004,199,../bee_direction_labeled_batch004_200/images/batch_004_199.jpg,head_right,-34.848827,/root/autodl-tmp/bee_track/deep_sort_pytorch/deep_sort/deep/data/train_20260501_sam_mask_soft_v2/000714/BEE24-33_000178_det28_tr0001.jpg,auto_high_conf_binary_resnet_clear; confidence=0.968231; left_prob=0.031769; right_prob=0.968231; quality=0.786283; mean_gray=74.76; std_gray=39.48; mean_sat=142.77; area=0.3140
500,batch_004,200,../bee_direction_labeled_batch004_200/images/batch_004_200.jpg,head_right,-31.772514,/root/autodl-tmp/bee_track/deep_sort_pytorch/deep_sort/deep/data/train_20260501_sam_mask_soft_v2/001343/BEE24-33_003272_det12_tr0019.jpg,auto_high_conf_binary_resnet_clear; confidence=0.994495; left_prob=0.005505; right_prob=0.994495; quality=0.753303; mean_gray=73.09; std_gray=32.06; mean_sat=141.92; area=0.2777
